[0m23:15:03.231176 [debug] [MainThread]: Sending event: {'category': 'dbt', 'action': 'invocation', 'label': 'start', 'context': [<snowplow_tracker.self_describing_json.SelfDescribingJson object at 0x000002351304E510>, <snowplow_tracker.self_describing_json.SelfDescribingJson object at 0x0000023513096D50>, <snowplow_tracker.self_describing_json.SelfDescribingJson object at 0x0000023512F4A610>]}


============================== 23:15:03.239230 | 520d6747-9dd5-499e-8f7c-58814786ca26 ==============================
[0m23:15:03.239230 [info ] [MainThread]: Running with dbt=1.12.5
[0m23:15:03.239230 [debug] [MainThread]: running dbt with arguments {'version_check': 'True', 'no_print': 'None', 'maximum_seed_size_mib': '1', 'warn_error_options': 'WarnErrorOptionsV2(error=[], warn=[], silence=[])', 'target_path': 'None', 'static_parser': 'True', 'printer_width': '80', 'write_json': 'True', 'empty': 'None', 'log_cache_events': 'False', 'introspect': 'True', 'cache_selected_only': 'False', 'fail_fast': 'False', 'debug': 'False', 'log_format': 'default', 'profiles_dir': '.', 'send_anonymous_usage_stats': 'True', 'quiet': 'False', 'warn_error': 'None', 'partial_parse': 'True', 'indirect_selection': 'eager', 'hints_enabled': 'True', 'invocation_command': 'dbt debug --profiles-dir .', 'use_experimental_parser': 'False', 'use_colors': 'True', 'log_path': 'C:\\Users\\AH Info\\Desktop\\PROJECT_BI\\modern-lakehouse-ecommerce\\dbt_project\\logs'}
[0m23:15:03.295309 [info ] [MainThread]: dbt version: 1.12.5
[0m23:15:03.295309 [info ] [MainThread]: python version: 3.11.1
[0m23:15:03.305383 [info ] [MainThread]: python path: C:\Users\AH Info\Desktop\PROJECT_BI\modern-lakehouse-ecommerce\venv\Scripts\python.exe
[0m23:15:03.308869 [info ] [MainThread]: os info: Windows-10-10.0.26200-SP0
[0m23:15:03.454441 [info ] [MainThread]: Using profiles dir at .
[0m23:15:03.454441 [info ] [MainThread]: Using profiles.yml file at .\profiles.yml
[0m23:15:03.465885 [info ] [MainThread]: Using dbt_project.yml file at C:\Users\AH Info\Desktop\PROJECT_BI\modern-lakehouse-ecommerce\dbt_project\dbt_project.yml
[0m23:15:03.468522 [info ] [MainThread]: adapter type: postgres
[0m23:15:03.470287 [info ] [MainThread]: adapter version: 1.11.0
[0m23:15:03.645220 [info ] [MainThread]: Configuration:
[0m23:15:03.645220 [info ] [MainThread]:   profiles.yml file [[32mOK found and valid[0m]
[0m23:15:03.656287 [info ] [MainThread]:   dbt_project.yml file [[32mOK found and valid[0m]
[0m23:15:03.656287 [info ] [MainThread]: Required dependencies:
[0m23:15:03.656287 [debug] [MainThread]: Executing "git --help"
[0m23:15:03.806991 [debug] [MainThread]: STDOUT: "b"usage: git [-v | --version] [-h | --help] [-C <path>] [-c <name>=<value>]\n           [--exec-path[=<path>]] [--html-path] [--man-path] [--info-path]\n           [-p | --paginate | -P | --no-pager] [--no-replace-objects] [--no-lazy-fetch]\n           [--no-optional-locks] [--no-advice] [--bare] [--git-dir=<path>]\n           [--work-tree=<path>] [--namespace=<name>] [--config-env=<name>=<envvar>]\n           <command> [<args>]\n\nThese are common Git commands used in various situations:\n\nstart a working area (see also: git help tutorial)\n   clone      Clone a repository into a new directory\n   init       Create an empty Git repository or reinitialize an existing one\n\nwork on the current change (see also: git help everyday)\n   add        Add file contents to the index\n   mv         Move or rename a file, a directory, or a symlink\n   restore    Restore working tree files\n   rm         Remove files from the working tree and from the index\n\nexamine the history and state (see also: git help revisions)\n   bisect     Use binary search to find the commit that introduced a bug\n   diff       Show changes between commits, commit and working tree, etc\n   grep       Print lines matching a pattern\n   log        Show commit logs\n   show       Show various types of objects\n   status     Show the working tree status\n\ngrow, mark and tweak your common history\n   backfill   Download missing objects in a partial clone\n   branch     List, create, or delete branches\n   commit     Record changes to the repository\n   merge      Join two or more development histories together\n   rebase     Reapply commits on top of another base tip\n   reset      Reset current HEAD to the specified state\n   switch     Switch branches\n   tag        Create, list, delete or verify a tag object signed with GPG\n\ncollaborate (see also: git help workflows)\n   fetch      Download objects and refs from another repository\n   pull       Fetch from and integrate with another repository or a local branch\n   push       Update remote refs along with associated objects\n\n'git help -a' and 'git help -g' list available subcommands and some\nconcept guides. See 'git help <command>' or 'git help <concept>'\nto read about a specific subcommand or concept.\nSee 'git help git' for an overview of the system.\n""
[0m23:15:03.810274 [debug] [MainThread]: STDERR: "b''"
[0m23:15:03.811567 [info ] [MainThread]:  - git [[32mOK found[0m]

[0m23:15:03.814943 [info ] [MainThread]: Connection:
[0m23:15:03.814943 [info ] [MainThread]:   host: localhost
[0m23:15:03.820025 [info ] [MainThread]:   port: 5432
[0m23:15:03.822991 [info ] [MainThread]:   user: lakehouse_user
[0m23:15:03.825315 [info ] [MainThread]:   database: ecommerce_dw
[0m23:15:03.826930 [info ] [MainThread]:   schema: gold
[0m23:15:03.829316 [info ] [MainThread]:   connect_timeout: 10
[0m23:15:03.829316 [info ] [MainThread]:   role: None
[0m23:15:03.829316 [info ] [MainThread]:   search_path: None
[0m23:15:03.829316 [info ] [MainThread]:   keepalives_idle: 0
[0m23:15:03.834700 [info ] [MainThread]:   sslmode: None
[0m23:15:03.837807 [info ] [MainThread]:   sslcert: None
[0m23:15:03.837807 [info ] [MainThread]:   sslkey: None
[0m23:15:03.837807 [info ] [MainThread]:   sslrootcert: None
[0m23:15:03.842960 [info ] [MainThread]:   application_name: dbt
[0m23:15:03.842960 [info ] [MainThread]:   autocommit: False
[0m23:15:03.845194 [info ] [MainThread]:   retries: 1
[0m23:15:03.848321 [info ] [MainThread]: Registered adapter: postgres=1.11.0
[0m23:15:04.495431 [debug] [MainThread]: Acquiring new postgres connection 'debug'
[0m23:15:10.315776 [debug] [MainThread]: Using postgres connection "debug"
[0m23:15:10.317132 [debug] [MainThread]: On debug: select 1 as id
[0m23:15:10.317132 [debug] [MainThread]: Opening a new connection, currently in state init
[0m23:15:10.419868 [debug] [MainThread]: SQL status: SELECT 1 in 0.102 seconds
[0m23:15:10.419868 [debug] [MainThread]: On debug: Close
[0m23:15:10.427275 [info ] [MainThread]:   Connection test: [[32mOK connection ok[0m]

[0m23:15:10.431631 [info ] [MainThread]: [32mAll checks passed![0m
[0m23:15:10.438031 [debug] [MainThread]: Command `dbt debug` succeeded at 23:15:10.436013 after 7.44 seconds
[0m23:15:10.438031 [debug] [MainThread]: Connection 'debug' was properly closed.
[0m23:15:10.443304 [debug] [MainThread]: Sending event: {'category': 'dbt', 'action': 'invocation', 'label': 'end', 'context': [<snowplow_tracker.self_describing_json.SelfDescribingJson object at 0x00000235137FC090>, <snowplow_tracker.self_describing_json.SelfDescribingJson object at 0x00000235137FC590>, <snowplow_tracker.self_describing_json.SelfDescribingJson object at 0x0000023512FF2ED0>]}
[0m23:15:10.444590 [debug] [MainThread]: Flushing usage events
[0m23:15:11.136901 [debug] [MainThread]: An error was encountered while trying to flush usage events
[0m23:23:24.351002 [debug] [MainThread]: Sending event: {'category': 'dbt', 'action': 'invocation', 'label': 'start', 'context': [<snowplow_tracker.self_describing_json.SelfDescribingJson object at 0x0000028FAD975F10>, <snowplow_tracker.self_describing_json.SelfDescribingJson object at 0x0000028FAD8D3B50>, <snowplow_tracker.self_describing_json.SelfDescribingJson object at 0x0000028FAD7FB290>]}


============================== 23:23:24.361075 | ee7e2d1a-157f-4bb6-a543-dca66af64b40 ==============================
[0m23:23:24.361075 [info ] [MainThread]: Running with dbt=1.12.5
[0m23:23:24.364814 [debug] [MainThread]: running dbt with arguments {'maximum_seed_size_mib': '1', 'no_print': 'None', 'version_check': 'True', 'target_path': 'None', 'warn_error_options': 'WarnErrorOptionsV2(error=[], warn=[], silence=[])', 'static_parser': 'True', 'printer_width': '80', 'write_json': 'True', 'empty': 'False', 'log_cache_events': 'False', 'introspect': 'True', 'cache_selected_only': 'False', 'log_format': 'default', 'debug': 'False', 'fail_fast': 'False', 'partial_parse': 'True', 'send_anonymous_usage_stats': 'True', 'quiet': 'False', 'warn_error': 'None', 'profiles_dir': '.', 'use_colors': 'True', 'hints_enabled': 'True', 'invocation_command': 'dbt run --profiles-dir .', 'use_experimental_parser': 'False', 'indirect_selection': 'eager', 'log_path': 'C:\\Users\\AH Info\\Desktop\\PROJECT_BI\\modern-lakehouse-ecommerce\\dbt_project\\logs'}
[0m23:23:25.085567 [debug] [MainThread]: Sending event: {'category': 'dbt', 'action': 'project_id', 'label': 'ee7e2d1a-157f-4bb6-a543-dca66af64b40', 'context': [<snowplow_tracker.self_describing_json.SelfDescribingJson object at 0x0000028FAD953B10>]}
[0m23:23:25.213152 [debug] [MainThread]: Sending event: {'category': 'dbt', 'action': 'adapter_info', 'label': 'ee7e2d1a-157f-4bb6-a543-dca66af64b40', 'context': [<snowplow_tracker.self_describing_json.SelfDescribingJson object at 0x0000028FA90FADD0>]}
[0m23:23:25.213152 [info ] [MainThread]: Registered adapter: postgres=1.11.0
[0m23:23:25.867968 [debug] [MainThread]: checksum: 47aa1655c51f4746ffe4c3e26485233df529fda9ea534f954c00dbdd96e28ce0, vars: {}, profile: ecommerce_dw_profile, target: dev, version: 1.12.5
[0m23:23:25.867968 [info ] [MainThread]: Unable to do partial parsing because saved manifest not found. Starting full parse.
[0m23:23:25.882906 [debug] [MainThread]: Sending event: {'category': 'dbt', 'action': 'partial_parser', 'label': 'ee7e2d1a-157f-4bb6-a543-dca66af64b40', 'context': [<snowplow_tracker.self_describing_json.SelfDescribingJson object at 0x0000028FADB54810>]}
[0m23:23:31.071818 [debug] [MainThread]: Sending event: {'category': 'dbt', 'action': 'load_project', 'label': 'ee7e2d1a-157f-4bb6-a543-dca66af64b40', 'context': [<snowplow_tracker.self_describing_json.SelfDescribingJson object at 0x0000028FAE3D0190>]}
[0m23:23:31.261688 [debug] [MainThread]: Wrote artifact WritableManifest to C:\Users\AH Info\Desktop\PROJECT_BI\modern-lakehouse-ecommerce\dbt_project\target\manifest.json
[0m23:23:31.271159 [debug] [MainThread]: Wrote artifact SemanticManifest to C:\Users\AH Info\Desktop\PROJECT_BI\modern-lakehouse-ecommerce\dbt_project\target\semantic_manifest.json
[0m23:23:31.327127 [debug] [MainThread]: Wrote artifact OsiDocument to C:\Users\AH Info\Desktop\PROJECT_BI\modern-lakehouse-ecommerce\dbt_project\target\osi_document.json
[0m23:23:31.366835 [debug] [MainThread]: Sending event: {'category': 'dbt', 'action': 'resource_counts', 'label': 'ee7e2d1a-157f-4bb6-a543-dca66af64b40', 'context': [<snowplow_tracker.self_describing_json.SelfDescribingJson object at 0x0000028FAE389B50>]}
[0m23:23:31.366835 [info ] [MainThread]: Found 7 models, 4 sources, 477 macros
[0m23:23:31.366835 [debug] [MainThread]: Sending event: {'category': 'dbt', 'action': 'runnable_timing', 'label': 'ee7e2d1a-157f-4bb6-a543-dca66af64b40', 'context': [<snowplow_tracker.self_describing_json.SelfDescribingJson object at 0x0000028FAD8D3ED0>]}
[0m23:23:31.375124 [info ] [MainThread]: 
[0m23:23:31.377140 [info ] [MainThread]: Concurrency: 4 threads (target='dev')
[0m23:23:31.377140 [info ] [MainThread]: 
[0m23:23:31.381527 [debug] [MainThread]: Acquiring new postgres connection 'master'
[0m23:23:31.382553 [debug] [ThreadPool]: Acquiring new postgres connection 'list_ecommerce_dw'
[0m23:23:31.565066 [debug] [ThreadPool]: Using postgres connection "list_ecommerce_dw"
[0m23:23:31.565066 [debug] [ThreadPool]: On list_ecommerce_dw: /* {"app": "dbt", "dbt_version": "1.12.5", "profile_name": "ecommerce_dw_profile", "target_name": "dev", "connection_name": "list_ecommerce_dw"} */

    select distinct nspname from pg_namespace
  
[0m23:23:31.567074 [debug] [ThreadPool]: Opening a new connection, currently in state init
[0m23:23:31.629748 [debug] [ThreadPool]: SQL status: SELECT 4 in 0.066 seconds
[0m23:23:31.635494 [debug] [ThreadPool]: On list_ecommerce_dw: Close
[0m23:23:31.639932 [debug] [ThreadPool]: Re-using an available connection from the pool (formerly list_ecommerce_dw, now create_ecommerce_dw_gold)
[0m23:23:31.639932 [debug] [ThreadPool]: Creating schema "database: "ecommerce_dw"
schema: "gold"
"
[0m23:23:31.648683 [debug] [ThreadPool]: Using postgres connection "create_ecommerce_dw_gold"
[0m23:23:31.651190 [debug] [ThreadPool]: On create_ecommerce_dw_gold: /* {"app": "dbt", "dbt_version": "1.12.5", "profile_name": "ecommerce_dw_profile", "target_name": "dev", "connection_name": "create_ecommerce_dw_gold"} */
create schema if not exists "gold"
[0m23:23:31.651190 [debug] [ThreadPool]: Opening a new connection, currently in state closed
[0m23:23:31.695257 [debug] [ThreadPool]: SQL status: CREATE SCHEMA in 0.042 seconds
[0m23:23:31.698852 [debug] [ThreadPool]: On create_ecommerce_dw_gold: COMMIT
[0m23:23:31.698852 [debug] [ThreadPool]: Using postgres connection "create_ecommerce_dw_gold"
[0m23:23:31.698852 [debug] [ThreadPool]: On create_ecommerce_dw_gold: COMMIT
[0m23:23:31.707566 [debug] [ThreadPool]: SQL status: COMMIT in 0.004 seconds
[0m23:23:31.709581 [debug] [ThreadPool]: On create_ecommerce_dw_gold: Close
[0m23:23:31.715867 [debug] [ThreadPool]: Acquiring new postgres connection 'list_ecommerce_dw_gold'
[0m23:23:31.727756 [debug] [ThreadPool]: Using postgres connection "list_ecommerce_dw_gold"
[0m23:23:31.727756 [debug] [ThreadPool]: On list_ecommerce_dw_gold: /* {"app": "dbt", "dbt_version": "1.12.5", "profile_name": "ecommerce_dw_profile", "target_name": "dev", "connection_name": "list_ecommerce_dw_gold"} */
select
      'ecommerce_dw' as database,
      tablename as name,
      schemaname as schema,
      'table' as type
    from pg_tables
    where schemaname ilike 'gold'
    union all
    select
      'ecommerce_dw' as database,
      viewname as name,
      schemaname as schema,
      'view' as type
    from pg_views
    where schemaname ilike 'gold'
    union all
    select
      'ecommerce_dw' as database,
      matviewname as name,
      schemaname as schema,
      'materialized_view' as type
    from pg_matviews
    where schemaname ilike 'gold'
    union all
    select distinct
     'ecommerce_dw' as database,
     proname as name,
     ns.nspname as schema,
     'function' as type
    from pg_proc
     join pg_namespace as ns on pronamespace = ns.oid
    where ns.nspname ilike 'gold'
  
[0m23:23:31.730231 [debug] [ThreadPool]: Opening a new connection, currently in state init
[0m23:23:31.795416 [debug] [ThreadPool]: SQL status: SELECT 0 in 0.067 seconds
[0m23:23:31.801917 [debug] [ThreadPool]: On list_ecommerce_dw_gold: ROLLBACK
[0m23:23:31.804971 [debug] [ThreadPool]: On list_ecommerce_dw_gold: Close
[0m23:23:31.815990 [debug] [MainThread]: Using postgres connection "master"
[0m23:23:31.817266 [debug] [MainThread]: On master: /* {"app": "dbt", "dbt_version": "1.12.5", "profile_name": "ecommerce_dw_profile", "target_name": "dev", "connection_name": "master"} */
select distinct
        dependent_namespace.nspname as dependent_schema,
        dependent_class.relname as dependent_name,
        referenced_namespace.nspname as referenced_schema,
        referenced_class.relname as referenced_name

    -- Query for views: views are entries in pg_class with an entry in pg_rewrite, but we avoid
    -- a seq scan on pg_rewrite by leveraging the fact there is an "internal" row in pg_depend for
    -- the view...
    from pg_class as dependent_class
    join pg_namespace as dependent_namespace on dependent_namespace.oid = dependent_class.relnamespace
    join pg_depend as dependent_depend on dependent_depend.refobjid = dependent_class.oid
        and dependent_depend.classid = 'pg_rewrite'::regclass
        and dependent_depend.refclassid = 'pg_class'::regclass
        and dependent_depend.deptype = 'i'

    -- ... and via pg_depend (that has a row per column, hence the need for "distinct" above, and
    -- making sure to exclude the internal row to avoid a view appearing to depend on itself)...
    join pg_depend as joining_depend on joining_depend.objid = dependent_depend.objid
        and joining_depend.classid = 'pg_rewrite'::regclass
        and joining_depend.refclassid = 'pg_class'::regclass
        and joining_depend.refobjid != dependent_depend.refobjid

    -- ... we can find the tables they query from in pg_class, but excluding system tables. Note we
    -- don't need need to exclude _dependent_ system tables, because they only query from other
    -- system tables, and so are automatically excluded by excluding _referenced_ system tables
    join pg_class as referenced_class on referenced_class.oid = joining_depend.refobjid
    join pg_namespace as referenced_namespace on referenced_namespace.oid = referenced_class.relnamespace
        and referenced_namespace.nspname != 'information_schema'
        and referenced_namespace.nspname not like 'pg\_%'

    order by
        dependent_schema, dependent_name, referenced_schema, referenced_name;
[0m23:23:31.817266 [debug] [MainThread]: Opening a new connection, currently in state init
[0m23:23:31.883256 [debug] [MainThread]: SQL status: SELECT 0 in 0.066 seconds
[0m23:23:31.883256 [debug] [MainThread]: Sending event: {'category': 'dbt', 'action': 'runnable_timing', 'label': 'ee7e2d1a-157f-4bb6-a543-dca66af64b40', 'context': [<snowplow_tracker.self_describing_json.SelfDescribingJson object at 0x0000028FAE37D410>]}
[0m23:23:31.883256 [debug] [MainThread]: On master: ROLLBACK
[0m23:23:31.890839 [debug] [MainThread]: On master: COMMIT
[0m23:23:31.890839 [debug] [MainThread]: Using postgres connection "master"
[0m23:23:31.890839 [debug] [MainThread]: On master: COMMIT
[0m23:23:31.890839 [debug] [MainThread]: SQL status: COMMIT in 0.004 seconds
[0m23:23:31.899858 [debug] [MainThread]: On master: Close
[0m23:23:31.907435 [debug] [Thread-1 (]: Began running node model.ecommerce_lakehouse.stg_customers
[0m23:23:31.907435 [debug] [Thread-2 (]: Began running node model.ecommerce_lakehouse.stg_order_items
[0m23:23:31.907435 [debug] [Thread-3 (]: Began running node model.ecommerce_lakehouse.stg_orders
[0m23:23:31.907435 [debug] [Thread-4 (]: Began running node model.ecommerce_lakehouse.stg_products
[0m23:23:31.915750 [info ] [Thread-1 (]: 1 of 7 START sql view model gold.stg_customers ................................. [RUN]
[0m23:23:31.915750 [info ] [Thread-2 (]: 2 of 7 START sql view model gold.stg_order_items ............................... [RUN]
[0m23:23:31.920177 [info ] [Thread-3 (]: 3 of 7 START sql view model gold.stg_orders .................................... [RUN]
[0m23:23:31.920688 [info ] [Thread-4 (]: 4 of 7 START sql view model gold.stg_products .................................. [RUN]
[0m23:23:31.920688 [debug] [Thread-1 (]: Acquiring new postgres connection 'model.ecommerce_lakehouse.stg_customers'
[0m23:23:31.924982 [debug] [Thread-2 (]: Acquiring new postgres connection 'model.ecommerce_lakehouse.stg_order_items'
[0m23:23:31.926995 [debug] [Thread-3 (]: Acquiring new postgres connection 'model.ecommerce_lakehouse.stg_orders'
[0m23:23:31.926995 [debug] [Thread-4 (]: Acquiring new postgres connection 'model.ecommerce_lakehouse.stg_products'
[0m23:23:31.929007 [debug] [Thread-1 (]: Began compiling node model.ecommerce_lakehouse.stg_customers
[0m23:23:31.931021 [debug] [Thread-2 (]: Began compiling node model.ecommerce_lakehouse.stg_order_items
[0m23:23:31.933035 [debug] [Thread-3 (]: Began compiling node model.ecommerce_lakehouse.stg_orders
[0m23:23:31.933035 [debug] [Thread-4 (]: Began compiling node model.ecommerce_lakehouse.stg_products
[0m23:23:31.950973 [debug] [Thread-1 (]: Writing injected SQL for node "model.ecommerce_lakehouse.stg_customers"
[0m23:23:31.950973 [debug] [Thread-2 (]: Writing injected SQL for node "model.ecommerce_lakehouse.stg_order_items"
[0m23:23:31.950973 [debug] [Thread-3 (]: Writing injected SQL for node "model.ecommerce_lakehouse.stg_orders"
[0m23:23:31.967082 [debug] [Thread-4 (]: Writing injected SQL for node "model.ecommerce_lakehouse.stg_products"
[0m23:23:31.977472 [debug] [Thread-4 (]: Began executing node model.ecommerce_lakehouse.stg_products
[0m23:23:31.978847 [debug] [Thread-1 (]: Began executing node model.ecommerce_lakehouse.stg_customers
[0m23:23:31.982287 [debug] [Thread-3 (]: Began executing node model.ecommerce_lakehouse.stg_orders
[0m23:23:31.984224 [debug] [Thread-2 (]: Began executing node model.ecommerce_lakehouse.stg_order_items
[0m23:23:32.090193 [debug] [Thread-4 (]: Writing runtime sql for node "model.ecommerce_lakehouse.stg_products"
[0m23:23:32.106334 [debug] [Thread-1 (]: Writing runtime sql for node "model.ecommerce_lakehouse.stg_customers"
[0m23:23:32.106334 [debug] [Thread-3 (]: Writing runtime sql for node "model.ecommerce_lakehouse.stg_orders"
[0m23:23:32.130140 [debug] [Thread-2 (]: Writing runtime sql for node "model.ecommerce_lakehouse.stg_order_items"
[0m23:23:32.144085 [debug] [Thread-4 (]: Using postgres connection "model.ecommerce_lakehouse.stg_products"
[0m23:23:32.148813 [debug] [Thread-3 (]: Using postgres connection "model.ecommerce_lakehouse.stg_orders"
[0m23:23:32.151365 [debug] [Thread-2 (]: Using postgres connection "model.ecommerce_lakehouse.stg_order_items"
[0m23:23:32.155429 [debug] [Thread-4 (]: On model.ecommerce_lakehouse.stg_products: /* {"app": "dbt", "dbt_version": "1.12.5", "profile_name": "ecommerce_dw_profile", "target_name": "dev", "node_id": "model.ecommerce_lakehouse.stg_products"} */

  create view "ecommerce_dw"."gold"."stg_products__dbt_tmp"
    
    
  as (
    with source as (
    select * from "ecommerce_dw"."public"."silver_products"
)

select
    product_id,
    product_category_name,
    product_name_lenght,
    product_description_lenght,
    product_photos_qty,
    product_weight_g
from source
  );
[0m23:23:32.159481 [debug] [Thread-1 (]: Using postgres connection "model.ecommerce_lakehouse.stg_customers"
[0m23:23:32.161504 [debug] [Thread-3 (]: On model.ecommerce_lakehouse.stg_orders: /* {"app": "dbt", "dbt_version": "1.12.5", "profile_name": "ecommerce_dw_profile", "target_name": "dev", "node_id": "model.ecommerce_lakehouse.stg_orders"} */

  create view "ecommerce_dw"."gold"."stg_orders__dbt_tmp"
    
    
  as (
    with source as (
    select * from "ecommerce_dw"."public"."silver_orders"
)

select
    order_id,
    customer_id,
    order_status,
    order_purchase_timestamp,
    order_approved_at,
    order_delivered_customer_date,
    order_estimated_delivery_date,
    actual_delivery_days,
    is_delayed
from source
  );
[0m23:23:32.163525 [debug] [Thread-2 (]: On model.ecommerce_lakehouse.stg_order_items: /* {"app": "dbt", "dbt_version": "1.12.5", "profile_name": "ecommerce_dw_profile", "target_name": "dev", "node_id": "model.ecommerce_lakehouse.stg_order_items"} */

  create view "ecommerce_dw"."gold"."stg_order_items__dbt_tmp"
    
    
  as (
    with source as (
    select * from "ecommerce_dw"."public"."silver_order_items"
)

select
    order_id,
    order_item_id,
    product_id,
    seller_id,
    price,
    freight_value,
    total_item_value
from source
  );
[0m23:23:32.165546 [debug] [Thread-4 (]: Opening a new connection, currently in state init
[0m23:23:32.167570 [debug] [Thread-1 (]: On model.ecommerce_lakehouse.stg_customers: /* {"app": "dbt", "dbt_version": "1.12.5", "profile_name": "ecommerce_dw_profile", "target_name": "dev", "node_id": "model.ecommerce_lakehouse.stg_customers"} */

  create view "ecommerce_dw"."gold"."stg_customers__dbt_tmp"
    
    
  as (
    with source as (
    select * from "ecommerce_dw"."public"."silver_customers"
)

select
    customer_id,
    customer_unique_id,
    customer_zip_code_prefix,
    customer_city,
    customer_state
from source
  );
[0m23:23:32.169339 [debug] [Thread-3 (]: Opening a new connection, currently in state init
[0m23:23:32.171356 [debug] [Thread-2 (]: Opening a new connection, currently in state init
[0m23:23:32.175397 [debug] [Thread-1 (]: Opening a new connection, currently in state init
[0m23:23:32.282904 [debug] [Thread-3 (]: SQL status: CREATE VIEW in 0.113 seconds
[0m23:23:32.283773 [debug] [Thread-2 (]: SQL status: CREATE VIEW in 0.112 seconds
[0m23:23:32.285802 [debug] [Thread-1 (]: SQL status: CREATE VIEW in 0.110 seconds
[0m23:23:32.287827 [debug] [Thread-4 (]: SQL status: CREATE VIEW in 0.123 seconds
[0m23:23:32.303953 [debug] [Thread-3 (]: Using postgres connection "model.ecommerce_lakehouse.stg_orders"
[0m23:23:32.310081 [debug] [Thread-2 (]: Using postgres connection "model.ecommerce_lakehouse.stg_order_items"
[0m23:23:32.310081 [debug] [Thread-1 (]: Using postgres connection "model.ecommerce_lakehouse.stg_customers"
[0m23:23:32.318406 [debug] [Thread-4 (]: Using postgres connection "model.ecommerce_lakehouse.stg_products"
[0m23:23:32.318406 [debug] [Thread-3 (]: On model.ecommerce_lakehouse.stg_orders: /* {"app": "dbt", "dbt_version": "1.12.5", "profile_name": "ecommerce_dw_profile", "target_name": "dev", "node_id": "model.ecommerce_lakehouse.stg_orders"} */
alter table "ecommerce_dw"."gold"."stg_orders__dbt_tmp" rename to "stg_orders"
[0m23:23:32.322837 [debug] [Thread-2 (]: On model.ecommerce_lakehouse.stg_order_items: /* {"app": "dbt", "dbt_version": "1.12.5", "profile_name": "ecommerce_dw_profile", "target_name": "dev", "node_id": "model.ecommerce_lakehouse.stg_order_items"} */
alter table "ecommerce_dw"."gold"."stg_order_items__dbt_tmp" rename to "stg_order_items"
[0m23:23:32.325857 [debug] [Thread-1 (]: On model.ecommerce_lakehouse.stg_customers: /* {"app": "dbt", "dbt_version": "1.12.5", "profile_name": "ecommerce_dw_profile", "target_name": "dev", "node_id": "model.ecommerce_lakehouse.stg_customers"} */
alter table "ecommerce_dw"."gold"."stg_customers__dbt_tmp" rename to "stg_customers"
[0m23:23:32.325857 [debug] [Thread-4 (]: On model.ecommerce_lakehouse.stg_products: /* {"app": "dbt", "dbt_version": "1.12.5", "profile_name": "ecommerce_dw_profile", "target_name": "dev", "node_id": "model.ecommerce_lakehouse.stg_products"} */
alter table "ecommerce_dw"."gold"."stg_products__dbt_tmp" rename to "stg_products"
[0m23:23:32.330558 [debug] [Thread-3 (]: SQL status: ALTER TABLE in 0.003 seconds
[0m23:23:32.330558 [debug] [Thread-2 (]: SQL status: ALTER TABLE in 0.004 seconds
[0m23:23:32.330558 [debug] [Thread-1 (]: SQL status: ALTER TABLE in 0.005 seconds
[0m23:23:32.330558 [debug] [Thread-4 (]: SQL status: ALTER TABLE in 0.005 seconds
[0m23:23:32.368258 [debug] [Thread-3 (]: On model.ecommerce_lakehouse.stg_orders: COMMIT
[0m23:23:32.373397 [debug] [Thread-2 (]: On model.ecommerce_lakehouse.stg_order_items: COMMIT
[0m23:23:32.378427 [debug] [Thread-1 (]: On model.ecommerce_lakehouse.stg_customers: COMMIT
[0m23:23:32.381626 [debug] [Thread-4 (]: On model.ecommerce_lakehouse.stg_products: COMMIT
[0m23:23:32.381626 [debug] [Thread-3 (]: Using postgres connection "model.ecommerce_lakehouse.stg_orders"
[0m23:23:32.383638 [debug] [Thread-2 (]: Using postgres connection "model.ecommerce_lakehouse.stg_order_items"
[0m23:23:32.383638 [debug] [Thread-1 (]: Using postgres connection "model.ecommerce_lakehouse.stg_customers"
[0m23:23:32.386653 [debug] [Thread-4 (]: Using postgres connection "model.ecommerce_lakehouse.stg_products"
[0m23:23:32.386653 [debug] [Thread-3 (]: On model.ecommerce_lakehouse.stg_orders: COMMIT
[0m23:23:32.389352 [debug] [Thread-2 (]: On model.ecommerce_lakehouse.stg_order_items: COMMIT
[0m23:23:32.390366 [debug] [Thread-1 (]: On model.ecommerce_lakehouse.stg_customers: COMMIT
[0m23:23:32.390366 [debug] [Thread-4 (]: On model.ecommerce_lakehouse.stg_products: COMMIT
[0m23:23:32.394290 [debug] [Thread-3 (]: SQL status: COMMIT in 0.003 seconds
[0m23:23:32.394290 [debug] [Thread-4 (]: SQL status: COMMIT in 0.003 seconds
[0m23:23:32.398405 [debug] [Thread-1 (]: SQL status: COMMIT in 0.004 seconds
[0m23:23:32.398405 [debug] [Thread-2 (]: SQL status: COMMIT in 0.006 seconds
[0m23:23:32.406515 [debug] [Thread-3 (]: Applying DROP to: "ecommerce_dw"."gold"."stg_orders__dbt_backup"
[0m23:23:32.406515 [debug] [Thread-4 (]: Applying DROP to: "ecommerce_dw"."gold"."stg_products__dbt_backup"
[0m23:23:32.406515 [debug] [Thread-1 (]: Applying DROP to: "ecommerce_dw"."gold"."stg_customers__dbt_backup"
[0m23:23:32.406515 [debug] [Thread-2 (]: Applying DROP to: "ecommerce_dw"."gold"."stg_order_items__dbt_backup"
[0m23:23:32.422246 [debug] [Thread-3 (]: Using postgres connection "model.ecommerce_lakehouse.stg_orders"
[0m23:23:32.422246 [debug] [Thread-4 (]: Using postgres connection "model.ecommerce_lakehouse.stg_products"
[0m23:23:32.422246 [debug] [Thread-1 (]: Using postgres connection "model.ecommerce_lakehouse.stg_customers"
[0m23:23:32.436776 [debug] [Thread-2 (]: Using postgres connection "model.ecommerce_lakehouse.stg_order_items"
[0m23:23:32.436776 [debug] [Thread-3 (]: On model.ecommerce_lakehouse.stg_orders: /* {"app": "dbt", "dbt_version": "1.12.5", "profile_name": "ecommerce_dw_profile", "target_name": "dev", "node_id": "model.ecommerce_lakehouse.stg_orders"} */
drop view if exists "ecommerce_dw"."gold"."stg_orders__dbt_backup" cascade
[0m23:23:32.440144 [debug] [Thread-4 (]: On model.ecommerce_lakehouse.stg_products: /* {"app": "dbt", "dbt_version": "1.12.5", "profile_name": "ecommerce_dw_profile", "target_name": "dev", "node_id": "model.ecommerce_lakehouse.stg_products"} */
drop view if exists "ecommerce_dw"."gold"."stg_products__dbt_backup" cascade
[0m23:23:32.441970 [debug] [Thread-1 (]: On model.ecommerce_lakehouse.stg_customers: /* {"app": "dbt", "dbt_version": "1.12.5", "profile_name": "ecommerce_dw_profile", "target_name": "dev", "node_id": "model.ecommerce_lakehouse.stg_customers"} */
drop view if exists "ecommerce_dw"."gold"."stg_customers__dbt_backup" cascade
[0m23:23:32.441970 [debug] [Thread-2 (]: On model.ecommerce_lakehouse.stg_order_items: /* {"app": "dbt", "dbt_version": "1.12.5", "profile_name": "ecommerce_dw_profile", "target_name": "dev", "node_id": "model.ecommerce_lakehouse.stg_order_items"} */
drop view if exists "ecommerce_dw"."gold"."stg_order_items__dbt_backup" cascade
[0m23:23:32.447294 [debug] [Thread-2 (]: SQL status: DROP VIEW in 0.002 seconds
[0m23:23:32.451553 [debug] [Thread-1 (]: SQL status: DROP VIEW in 0.005 seconds
[0m23:23:32.451553 [debug] [Thread-3 (]: SQL status: DROP VIEW in 0.007 seconds
[0m23:23:32.452569 [debug] [Thread-4 (]: SQL status: DROP VIEW in 0.008 seconds
[0m23:23:32.458608 [debug] [Thread-2 (]: On model.ecommerce_lakehouse.stg_order_items: Close
[0m23:23:32.460621 [debug] [Thread-1 (]: On model.ecommerce_lakehouse.stg_customers: Close
[0m23:23:32.464648 [debug] [Thread-3 (]: On model.ecommerce_lakehouse.stg_orders: Close
[0m23:23:32.468415 [debug] [Thread-4 (]: On model.ecommerce_lakehouse.stg_products: Close
[0m23:23:32.472480 [debug] [Thread-2 (]: Sending event: {'category': 'dbt', 'action': 'run_model', 'label': 'ee7e2d1a-157f-4bb6-a543-dca66af64b40', 'context': [<snowplow_tracker.self_describing_json.SelfDescribingJson object at 0x0000028FAE7B8A90>]}
[0m23:23:32.476241 [debug] [Thread-1 (]: Sending event: {'category': 'dbt', 'action': 'run_model', 'label': 'ee7e2d1a-157f-4bb6-a543-dca66af64b40', 'context': [<snowplow_tracker.self_describing_json.SelfDescribingJson object at 0x0000028FAE76C610>]}
[0m23:23:32.476241 [debug] [Thread-3 (]: Sending event: {'category': 'dbt', 'action': 'run_model', 'label': 'ee7e2d1a-157f-4bb6-a543-dca66af64b40', 'context': [<snowplow_tracker.self_describing_json.SelfDescribingJson object at 0x0000028FAE7A1090>]}
[0m23:23:32.480400 [debug] [Thread-4 (]: Sending event: {'category': 'dbt', 'action': 'run_model', 'label': 'ee7e2d1a-157f-4bb6-a543-dca66af64b40', 'context': [<snowplow_tracker.self_describing_json.SelfDescribingJson object at 0x0000028FAE7AFC50>]}
[0m23:23:32.482746 [info ] [Thread-2 (]: 2 of 7 OK created sql view model gold.stg_order_items .......................... [[32mCREATE VIEW[0m in 0.55s]
[0m23:23:32.484499 [info ] [Thread-1 (]: 1 of 7 OK created sql view model gold.stg_customers ............................ [[32mCREATE VIEW[0m in 0.55s]
[0m23:23:32.488754 [info ] [Thread-3 (]: 3 of 7 OK created sql view model gold.stg_orders ............................... [[32mCREATE VIEW[0m in 0.55s]
[0m23:23:32.488754 [info ] [Thread-4 (]: 4 of 7 OK created sql view model gold.stg_products ............................. [[32mCREATE VIEW[0m in 0.55s]
[0m23:23:32.495595 [debug] [Thread-2 (]: Finished running node model.ecommerce_lakehouse.stg_order_items
[0m23:23:32.495595 [debug] [Thread-1 (]: Finished running node model.ecommerce_lakehouse.stg_customers
[0m23:23:32.495595 [debug] [Thread-3 (]: Finished running node model.ecommerce_lakehouse.stg_orders
[0m23:23:32.500600 [debug] [Thread-4 (]: Finished running node model.ecommerce_lakehouse.stg_products
[0m23:23:32.503659 [debug] [Thread-2 (]: Began running node model.ecommerce_lakehouse.dim_customers
[0m23:23:32.506064 [debug] [Thread-1 (]: Began running node model.ecommerce_lakehouse.fct_orders
[0m23:23:32.508078 [debug] [Thread-3 (]: Began running node model.ecommerce_lakehouse.dim_products
[0m23:23:32.508078 [info ] [Thread-2 (]: 5 of 7 START sql table model gold.dim_customers ................................ [RUN]
[0m23:23:32.510101 [info ] [Thread-1 (]: 6 of 7 START sql table model gold.fct_orders ................................... [RUN]
[0m23:23:32.512116 [info ] [Thread-3 (]: 7 of 7 START sql table model gold.dim_products ................................. [RUN]
[0m23:23:32.514131 [debug] [Thread-2 (]: Re-using an available connection from the pool (formerly model.ecommerce_lakehouse.stg_order_items, now model.ecommerce_lakehouse.dim_customers)
[0m23:23:32.518356 [debug] [Thread-1 (]: Re-using an available connection from the pool (formerly model.ecommerce_lakehouse.stg_customers, now model.ecommerce_lakehouse.fct_orders)
[0m23:23:32.518356 [debug] [Thread-3 (]: Re-using an available connection from the pool (formerly model.ecommerce_lakehouse.stg_orders, now model.ecommerce_lakehouse.dim_products)
[0m23:23:32.518356 [debug] [Thread-2 (]: Began compiling node model.ecommerce_lakehouse.dim_customers
[0m23:23:32.518356 [debug] [Thread-1 (]: Began compiling node model.ecommerce_lakehouse.fct_orders
[0m23:23:32.518356 [debug] [Thread-3 (]: Began compiling node model.ecommerce_lakehouse.dim_products
[0m23:23:32.518356 [debug] [Thread-2 (]: Writing injected SQL for node "model.ecommerce_lakehouse.dim_customers"
[0m23:23:32.538124 [debug] [Thread-1 (]: Writing injected SQL for node "model.ecommerce_lakehouse.fct_orders"
[0m23:23:32.542156 [debug] [Thread-3 (]: Writing injected SQL for node "model.ecommerce_lakehouse.dim_products"
[0m23:23:32.548979 [debug] [Thread-2 (]: Began executing node model.ecommerce_lakehouse.dim_customers
[0m23:23:32.551516 [debug] [Thread-1 (]: Began executing node model.ecommerce_lakehouse.fct_orders
[0m23:23:32.579620 [debug] [Thread-3 (]: Began executing node model.ecommerce_lakehouse.dim_products
[0m23:23:32.613220 [debug] [Thread-2 (]: Writing runtime sql for node "model.ecommerce_lakehouse.dim_customers"
[0m23:23:32.617878 [debug] [Thread-1 (]: Writing runtime sql for node "model.ecommerce_lakehouse.fct_orders"
[0m23:23:32.626898 [debug] [Thread-3 (]: Writing runtime sql for node "model.ecommerce_lakehouse.dim_products"
[0m23:23:32.637415 [debug] [Thread-2 (]: Using postgres connection "model.ecommerce_lakehouse.dim_customers"
[0m23:23:32.638511 [debug] [Thread-1 (]: Using postgres connection "model.ecommerce_lakehouse.fct_orders"
[0m23:23:32.640908 [debug] [Thread-2 (]: On model.ecommerce_lakehouse.dim_customers: /* {"app": "dbt", "dbt_version": "1.12.5", "profile_name": "ecommerce_dw_profile", "target_name": "dev", "node_id": "model.ecommerce_lakehouse.dim_customers"} */

  
    

  create  table "ecommerce_dw"."gold"."dim_customers__dbt_tmp"
  
  
    as
  
  (
    with customers as (
    select * from "ecommerce_dw"."gold"."stg_customers"
),

orders as (
    select * from "ecommerce_dw"."gold"."stg_orders"
),

customer_orders_summary as (
    select
        customer_id,
        count(order_id) as total_orders,
        min(order_purchase_timestamp) as first_order_date,
        max(order_purchase_timestamp) as last_order_date
    from orders
    group by customer_id
)

select
    c.customer_id,
    c.customer_unique_id,
    c.customer_city,
    c.customer_state,
    coalesce(s.total_orders, 0) as total_orders,
    s.first_order_date,
    s.last_order_date
from customers c
left join customer_orders_summary s on c.customer_id = s.customer_id
  );
  
[0m23:23:32.642668 [debug] [Thread-3 (]: Using postgres connection "model.ecommerce_lakehouse.dim_products"
[0m23:23:32.642668 [debug] [Thread-1 (]: On model.ecommerce_lakehouse.fct_orders: /* {"app": "dbt", "dbt_version": "1.12.5", "profile_name": "ecommerce_dw_profile", "target_name": "dev", "node_id": "model.ecommerce_lakehouse.fct_orders"} */

  
    

  create  table "ecommerce_dw"."gold"."fct_orders__dbt_tmp"
  
  
    as
  
  (
    with orders as (
    select * from "ecommerce_dw"."gold"."stg_orders"
),

items as (
    select
        order_id,
        count(order_item_id) as total_items_count,
        sum(price) as total_order_amount,
        sum(freight_value) as total_freight_amount,
        sum(total_item_value) as total_order_value
    from "ecommerce_dw"."gold"."stg_order_items"
    group by order_id
)

select
    o.order_id,
    o.customer_id,
    o.order_status,
    o.order_purchase_timestamp,
    o.order_delivered_customer_date,
    o.order_estimated_delivery_date,
    o.actual_delivery_days,
    o.is_delayed,
    coalesce(i.total_items_count, 0) as total_items_count,
    coalesce(i.total_order_amount, 0) as total_order_amount,
    coalesce(i.total_freight_amount, 0) as total_freight_amount,
    coalesce(i.total_order_value, 0) as total_order_value
from orders o
left join items i on o.order_id = i.order_id
  );
  
[0m23:23:32.642668 [debug] [Thread-2 (]: Opening a new connection, currently in state closed
[0m23:23:32.642668 [debug] [Thread-3 (]: On model.ecommerce_lakehouse.dim_products: /* {"app": "dbt", "dbt_version": "1.12.5", "profile_name": "ecommerce_dw_profile", "target_name": "dev", "node_id": "model.ecommerce_lakehouse.dim_products"} */

  
    

  create  table "ecommerce_dw"."gold"."dim_products__dbt_tmp"
  
  
    as
  
  (
    with products as (
    select * from "ecommerce_dw"."gold"."stg_products"
)

select
    product_id,
    product_category_name,
    product_weight_g
from products
  );
  
[0m23:23:32.642668 [debug] [Thread-1 (]: Opening a new connection, currently in state closed
[0m23:23:32.652321 [debug] [Thread-3 (]: Opening a new connection, currently in state closed
[0m23:23:32.861453 [debug] [Thread-3 (]: SQL status: SELECT 32951 in 0.209 seconds
[0m23:23:32.876330 [debug] [Thread-3 (]: Using postgres connection "model.ecommerce_lakehouse.dim_products"
[0m23:23:32.878345 [debug] [Thread-3 (]: On model.ecommerce_lakehouse.dim_products: /* {"app": "dbt", "dbt_version": "1.12.5", "profile_name": "ecommerce_dw_profile", "target_name": "dev", "node_id": "model.ecommerce_lakehouse.dim_products"} */
alter table "ecommerce_dw"."gold"."dim_products__dbt_tmp" rename to "dim_products"
[0m23:23:32.882365 [debug] [Thread-3 (]: SQL status: ALTER TABLE in 0.002 seconds
[0m23:23:32.889308 [debug] [Thread-3 (]: On model.ecommerce_lakehouse.dim_products: COMMIT
[0m23:23:32.889308 [debug] [Thread-3 (]: Using postgres connection "model.ecommerce_lakehouse.dim_products"
[0m23:23:32.892391 [debug] [Thread-3 (]: On model.ecommerce_lakehouse.dim_products: COMMIT
[0m23:23:32.960198 [debug] [Thread-3 (]: SQL status: COMMIT in 0.067 seconds
[0m23:23:32.969347 [debug] [Thread-3 (]: Applying DROP to: "ecommerce_dw"."gold"."dim_products__dbt_backup"
[0m23:23:32.976737 [debug] [Thread-3 (]: Using postgres connection "model.ecommerce_lakehouse.dim_products"
[0m23:23:32.976737 [debug] [Thread-3 (]: On model.ecommerce_lakehouse.dim_products: /* {"app": "dbt", "dbt_version": "1.12.5", "profile_name": "ecommerce_dw_profile", "target_name": "dev", "node_id": "model.ecommerce_lakehouse.dim_products"} */
drop table if exists "ecommerce_dw"."gold"."dim_products__dbt_backup" cascade
[0m23:23:32.986889 [debug] [Thread-3 (]: SQL status: DROP TABLE in 0.002 seconds
[0m23:23:32.990352 [debug] [Thread-3 (]: On model.ecommerce_lakehouse.dim_products: Close
[0m23:23:32.990352 [debug] [Thread-3 (]: Sending event: {'category': 'dbt', 'action': 'run_model', 'label': 'ee7e2d1a-157f-4bb6-a543-dca66af64b40', 'context': [<snowplow_tracker.self_describing_json.SelfDescribingJson object at 0x0000028FAEC1F110>]}
[0m23:23:32.993455 [info ] [Thread-3 (]: 7 of 7 OK created sql table model gold.dim_products ............................ [[32mSELECT 32951[0m in 0.47s]
[0m23:23:32.995445 [debug] [Thread-3 (]: Finished running node model.ecommerce_lakehouse.dim_products
[0m23:23:34.275031 [debug] [Thread-1 (]: SQL status: SELECT 99441 in 1.626 seconds
[0m23:23:34.281413 [debug] [Thread-1 (]: Using postgres connection "model.ecommerce_lakehouse.fct_orders"
[0m23:23:34.281413 [debug] [Thread-1 (]: On model.ecommerce_lakehouse.fct_orders: /* {"app": "dbt", "dbt_version": "1.12.5", "profile_name": "ecommerce_dw_profile", "target_name": "dev", "node_id": "model.ecommerce_lakehouse.fct_orders"} */
alter table "ecommerce_dw"."gold"."fct_orders__dbt_tmp" rename to "fct_orders"
[0m23:23:34.281413 [debug] [Thread-1 (]: SQL status: ALTER TABLE in 0.003 seconds
[0m23:23:34.290623 [debug] [Thread-1 (]: On model.ecommerce_lakehouse.fct_orders: COMMIT
[0m23:23:34.295147 [debug] [Thread-1 (]: Using postgres connection "model.ecommerce_lakehouse.fct_orders"
[0m23:23:34.295147 [debug] [Thread-1 (]: On model.ecommerce_lakehouse.fct_orders: COMMIT
[0m23:23:34.310799 [debug] [Thread-1 (]: SQL status: COMMIT in 0.020 seconds
[0m23:23:34.310799 [debug] [Thread-1 (]: Applying DROP to: "ecommerce_dw"."gold"."fct_orders__dbt_backup"
[0m23:23:34.310799 [debug] [Thread-1 (]: Using postgres connection "model.ecommerce_lakehouse.fct_orders"
[0m23:23:34.326555 [debug] [Thread-1 (]: On model.ecommerce_lakehouse.fct_orders: /* {"app": "dbt", "dbt_version": "1.12.5", "profile_name": "ecommerce_dw_profile", "target_name": "dev", "node_id": "model.ecommerce_lakehouse.fct_orders"} */
drop table if exists "ecommerce_dw"."gold"."fct_orders__dbt_backup" cascade
[0m23:23:34.326555 [debug] [Thread-1 (]: SQL status: DROP TABLE in 0.003 seconds
[0m23:23:34.335559 [debug] [Thread-1 (]: On model.ecommerce_lakehouse.fct_orders: Close
[0m23:23:34.335559 [debug] [Thread-1 (]: Sending event: {'category': 'dbt', 'action': 'run_model', 'label': 'ee7e2d1a-157f-4bb6-a543-dca66af64b40', 'context': [<snowplow_tracker.self_describing_json.SelfDescribingJson object at 0x0000028FAEC18410>]}
[0m23:23:34.339457 [info ] [Thread-1 (]: 6 of 7 OK created sql table model gold.fct_orders .............................. [[32mSELECT 99441[0m in 1.82s]
[0m23:23:34.344648 [debug] [Thread-1 (]: Finished running node model.ecommerce_lakehouse.fct_orders
[0m23:23:34.409895 [debug] [Thread-2 (]: SQL status: SELECT 99441 in 1.774 seconds
[0m23:23:34.426509 [debug] [Thread-2 (]: Using postgres connection "model.ecommerce_lakehouse.dim_customers"
[0m23:23:34.426509 [debug] [Thread-2 (]: On model.ecommerce_lakehouse.dim_customers: /* {"app": "dbt", "dbt_version": "1.12.5", "profile_name": "ecommerce_dw_profile", "target_name": "dev", "node_id": "model.ecommerce_lakehouse.dim_customers"} */
alter table "ecommerce_dw"."gold"."dim_customers__dbt_tmp" rename to "dim_customers"
[0m23:23:34.430808 [debug] [Thread-2 (]: SQL status: ALTER TABLE in 0.002 seconds
[0m23:23:34.432124 [debug] [Thread-2 (]: On model.ecommerce_lakehouse.dim_customers: COMMIT
[0m23:23:34.432124 [debug] [Thread-2 (]: Using postgres connection "model.ecommerce_lakehouse.dim_customers"
[0m23:23:34.438588 [debug] [Thread-2 (]: On model.ecommerce_lakehouse.dim_customers: COMMIT
[0m23:23:34.454368 [debug] [Thread-2 (]: SQL status: COMMIT in 0.022 seconds
[0m23:23:34.464351 [debug] [Thread-2 (]: Applying DROP to: "ecommerce_dw"."gold"."dim_customers__dbt_backup"
[0m23:23:34.470111 [debug] [Thread-2 (]: Using postgres connection "model.ecommerce_lakehouse.dim_customers"
[0m23:23:34.470111 [debug] [Thread-2 (]: On model.ecommerce_lakehouse.dim_customers: /* {"app": "dbt", "dbt_version": "1.12.5", "profile_name": "ecommerce_dw_profile", "target_name": "dev", "node_id": "model.ecommerce_lakehouse.dim_customers"} */
drop table if exists "ecommerce_dw"."gold"."dim_customers__dbt_backup" cascade
[0m23:23:34.470111 [debug] [Thread-2 (]: SQL status: DROP TABLE in 0.003 seconds
[0m23:23:34.476709 [debug] [Thread-2 (]: On model.ecommerce_lakehouse.dim_customers: Close
[0m23:23:34.476709 [debug] [Thread-2 (]: Sending event: {'category': 'dbt', 'action': 'run_model', 'label': 'ee7e2d1a-157f-4bb6-a543-dca66af64b40', 'context': [<snowplow_tracker.self_describing_json.SelfDescribingJson object at 0x0000028FAE851550>]}
[0m23:23:34.485363 [info ] [Thread-2 (]: 5 of 7 OK created sql table model gold.dim_customers ........................... [[32mSELECT 99441[0m in 1.96s]
[0m23:23:34.489436 [debug] [Thread-2 (]: Finished running node model.ecommerce_lakehouse.dim_customers
[0m23:23:34.495856 [debug] [MainThread]: On master: COMMIT
[0m23:23:34.495856 [debug] [MainThread]: Using postgres connection "master"
[0m23:23:34.498713 [debug] [MainThread]: On master: COMMIT
[0m23:23:34.501274 [debug] [MainThread]: Opening a new connection, currently in state closed
[0m23:23:34.549143 [debug] [MainThread]: SQL status: COMMIT in 0.053 seconds
[0m23:23:34.555709 [debug] [MainThread]: On master: Close
[0m23:23:34.555709 [debug] [MainThread]: Connection 'master' was properly closed.
[0m23:23:34.555709 [debug] [MainThread]: Connection 'create_ecommerce_dw_gold' was properly closed.
[0m23:23:34.555709 [debug] [MainThread]: Connection 'list_ecommerce_dw_gold' was properly closed.
[0m23:23:34.555709 [debug] [MainThread]: Connection 'model.ecommerce_lakehouse.fct_orders' was properly closed.
[0m23:23:34.565094 [debug] [MainThread]: Connection 'model.ecommerce_lakehouse.dim_customers' was properly closed.
[0m23:23:34.565094 [debug] [MainThread]: Connection 'model.ecommerce_lakehouse.dim_products' was properly closed.
[0m23:23:34.565094 [debug] [MainThread]: Connection 'model.ecommerce_lakehouse.stg_products' was properly closed.
[0m23:23:34.565094 [info ] [MainThread]: 
[0m23:23:34.565094 [info ] [MainThread]: Finished running 3 table models, 4 view models in 0 hours 0 minutes and 3.18 seconds (3.18s).
[0m23:23:34.574396 [debug] [MainThread]: Command end result
[0m23:23:34.676644 [debug] [MainThread]: Wrote artifact WritableManifest to C:\Users\AH Info\Desktop\PROJECT_BI\modern-lakehouse-ecommerce\dbt_project\target\manifest.json
[0m23:23:34.676644 [debug] [MainThread]: Wrote artifact SemanticManifest to C:\Users\AH Info\Desktop\PROJECT_BI\modern-lakehouse-ecommerce\dbt_project\target\semantic_manifest.json
[0m23:23:34.695535 [debug] [MainThread]: Wrote artifact OsiDocument to C:\Users\AH Info\Desktop\PROJECT_BI\modern-lakehouse-ecommerce\dbt_project\target\osi_document.json
[0m23:23:34.709485 [debug] [MainThread]: Wrote artifact RunExecutionResult to C:\Users\AH Info\Desktop\PROJECT_BI\modern-lakehouse-ecommerce\dbt_project\target\run_results.json
[0m23:23:34.716191 [info ] [MainThread]: 
[0m23:23:34.716191 [info ] [MainThread]: [32mCompleted successfully[0m
[0m23:23:34.716191 [info ] [MainThread]: 
[0m23:23:34.716191 [info ] [MainThread]: Done. PASS=7 WARN=0 ERROR=0 SKIP=0 NO-OP=0 REUSED=0 TOTAL=7
[0m23:23:34.724433 [debug] [MainThread]: Command `dbt run` succeeded at 23:23:34.724433 after 10.59 seconds
[0m23:23:34.725787 [debug] [MainThread]: Sending event: {'category': 'dbt', 'action': 'invocation', 'label': 'end', 'context': [<snowplow_tracker.self_describing_json.SelfDescribingJson object at 0x0000028FAD8DE110>, <snowplow_tracker.self_describing_json.SelfDescribingJson object at 0x0000028FAD8DEC50>, <snowplow_tracker.self_describing_json.SelfDescribingJson object at 0x0000028FAD8DF1D0>]}
[0m23:23:34.725787 [debug] [MainThread]: Flushing usage events
[0m23:23:35.552780 [debug] [MainThread]: An error was encountered while trying to flush usage events
[0m23:26:01.948867 [debug] [MainThread]: Sending event: {'category': 'dbt', 'action': 'invocation', 'label': 'start', 'context': [<snowplow_tracker.self_describing_json.SelfDescribingJson object at 0x000001A9EB35EB50>, <snowplow_tracker.self_describing_json.SelfDescribingJson object at 0x000001A9EB27B150>, <snowplow_tracker.self_describing_json.SelfDescribingJson object at 0x000001A9EB35EE50>]}


============================== 23:26:01.963065 | e3ea4b90-0f46-48b8-b5d8-d7f1e82e3ab8 ==============================
[0m23:26:01.963065 [info ] [MainThread]: Running with dbt=1.12.5
[0m23:26:01.963065 [debug] [MainThread]: running dbt with arguments {'static_parser': 'True', 'no_print': 'None', 'version_check': 'True', 'warn_error_options': 'WarnErrorOptionsV2(error=[], warn=[], silence=[])', 'target_path': 'None', 'maximum_seed_size_mib': '1', 'printer_width': '80', 'write_json': 'True', 'empty': 'None', 'log_cache_events': 'False', 'introspect': 'True', 'cache_selected_only': 'False', 'fail_fast': 'False', 'debug': 'False', 'log_format': 'default', 'profiles_dir': '.', 'send_anonymous_usage_stats': 'True', 'quiet': 'False', 'warn_error': 'None', 'partial_parse': 'True', 'invocation_command': 'dbt test --profiles-dir .', 'hints_enabled': 'True', 'indirect_selection': 'eager', 'use_experimental_parser': 'False', 'use_colors': 'True', 'log_path': 'C:\\Users\\AH Info\\Desktop\\PROJECT_BI\\modern-lakehouse-ecommerce\\dbt_project\\logs'}
[0m23:26:02.360041 [debug] [MainThread]: Sending event: {'category': 'dbt', 'action': 'project_id', 'label': 'e3ea4b90-0f46-48b8-b5d8-d7f1e82e3ab8', 'context': [<snowplow_tracker.self_describing_json.SelfDescribingJson object at 0x000001A9EB3D0B50>]}
[0m23:26:02.454852 [debug] [MainThread]: Sending event: {'category': 'dbt', 'action': 'adapter_info', 'label': 'e3ea4b90-0f46-48b8-b5d8-d7f1e82e3ab8', 'context': [<snowplow_tracker.self_describing_json.SelfDescribingJson object at 0x000001A9E6B8B650>]}
[0m23:26:02.470774 [info ] [MainThread]: Registered adapter: postgres=1.11.0
[0m23:26:03.076633 [debug] [MainThread]: checksum: 47aa1655c51f4746ffe4c3e26485233df529fda9ea534f954c00dbdd96e28ce0, vars: {}, profile: ecommerce_dw_profile, target: dev, version: 1.12.5
[0m23:26:03.456665 [debug] [MainThread]: Partial parsing enabled: 0 files deleted, 1 files added, 0 files changed.
[0m23:26:03.456665 [debug] [MainThread]: Partial parsing: added file: ecommerce_lakehouse://models\marts\schema.yml
[0m23:26:03.996024 [warn ] [MainThread]: [[33mWARNING[0m][MissingArgumentsPropertyInGenericTestDeprecation]: Deprecated
functionality
Found top-level arguments to test `relationships` defined on 'fct_orders' in
package 'ecommerce_lakehouse' (models\marts\schema.yml). Arguments to generic
tests should be nested under the `arguments` property.
[0m23:26:03.996024 [debug] [MainThread]: Sending event: {'category': 'dbt', 'action': 'deprecation', 'label': 'e3ea4b90-0f46-48b8-b5d8-d7f1e82e3ab8', 'property_': 'warn', 'context': [<snowplow_tracker.self_describing_json.SelfDescribingJson object at 0x000001A9EBD4A350>]}
[0m23:26:04.203411 [debug] [MainThread]: Sending event: {'category': 'dbt', 'action': 'load_project', 'label': 'e3ea4b90-0f46-48b8-b5d8-d7f1e82e3ab8', 'context': [<snowplow_tracker.self_describing_json.SelfDescribingJson object at 0x000001A9EBEEB710>]}
[0m23:26:04.460644 [debug] [MainThread]: Wrote artifact WritableManifest to C:\Users\AH Info\Desktop\PROJECT_BI\modern-lakehouse-ecommerce\dbt_project\target\manifest.json
[0m23:26:04.470872 [debug] [MainThread]: Wrote artifact SemanticManifest to C:\Users\AH Info\Desktop\PROJECT_BI\modern-lakehouse-ecommerce\dbt_project\target\semantic_manifest.json
[0m23:26:04.552418 [debug] [MainThread]: Wrote artifact OsiDocument to C:\Users\AH Info\Desktop\PROJECT_BI\modern-lakehouse-ecommerce\dbt_project\target\osi_document.json
[0m23:26:04.635341 [debug] [MainThread]: Sending event: {'category': 'dbt', 'action': 'resource_counts', 'label': 'e3ea4b90-0f46-48b8-b5d8-d7f1e82e3ab8', 'context': [<snowplow_tracker.self_describing_json.SelfDescribingJson object at 0x000001A9EBFD3DD0>]}
[0m23:26:04.637365 [info ] [MainThread]: Found 7 models, 8 data tests, 4 sources, 477 macros
[0m23:26:04.641416 [debug] [MainThread]: Sending event: {'category': 'dbt', 'action': 'runnable_timing', 'label': 'e3ea4b90-0f46-48b8-b5d8-d7f1e82e3ab8', 'context': [<snowplow_tracker.self_describing_json.SelfDescribingJson object at 0x000001A9EBD579D0>]}
[0m23:26:04.647058 [info ] [MainThread]: 
[0m23:26:04.647058 [info ] [MainThread]: Concurrency: 4 threads (target='dev')
[0m23:26:04.647058 [info ] [MainThread]: 
[0m23:26:04.647058 [debug] [MainThread]: Acquiring new postgres connection 'master'
[0m23:26:04.663077 [debug] [ThreadPool]: Acquiring new postgres connection 'list_ecommerce_dw_gold'
[0m23:26:04.964589 [debug] [ThreadPool]: Using postgres connection "list_ecommerce_dw_gold"
[0m23:26:04.964589 [debug] [ThreadPool]: On list_ecommerce_dw_gold: /* {"app": "dbt", "dbt_version": "1.12.5", "profile_name": "ecommerce_dw_profile", "target_name": "dev", "connection_name": "list_ecommerce_dw_gold"} */
select
      'ecommerce_dw' as database,
      tablename as name,
      schemaname as schema,
      'table' as type
    from pg_tables
    where schemaname ilike 'gold'
    union all
    select
      'ecommerce_dw' as database,
      viewname as name,
      schemaname as schema,
      'view' as type
    from pg_views
    where schemaname ilike 'gold'
    union all
    select
      'ecommerce_dw' as database,
      matviewname as name,
      schemaname as schema,
      'materialized_view' as type
    from pg_matviews
    where schemaname ilike 'gold'
    union all
    select distinct
     'ecommerce_dw' as database,
     proname as name,
     ns.nspname as schema,
     'function' as type
    from pg_proc
     join pg_namespace as ns on pronamespace = ns.oid
    where ns.nspname ilike 'gold'
  
[0m23:26:04.964589 [debug] [ThreadPool]: Opening a new connection, currently in state init
[0m23:26:05.034084 [debug] [ThreadPool]: SQL status: SELECT 7 in 0.067 seconds
[0m23:26:05.034084 [debug] [ThreadPool]: On list_ecommerce_dw_gold: ROLLBACK
[0m23:26:05.034084 [debug] [ThreadPool]: On list_ecommerce_dw_gold: Close
[0m23:26:05.043978 [debug] [MainThread]: Using postgres connection "master"
[0m23:26:05.043978 [debug] [MainThread]: On master: /* {"app": "dbt", "dbt_version": "1.12.5", "profile_name": "ecommerce_dw_profile", "target_name": "dev", "connection_name": "master"} */
select distinct
        dependent_namespace.nspname as dependent_schema,
        dependent_class.relname as dependent_name,
        referenced_namespace.nspname as referenced_schema,
        referenced_class.relname as referenced_name

    -- Query for views: views are entries in pg_class with an entry in pg_rewrite, but we avoid
    -- a seq scan on pg_rewrite by leveraging the fact there is an "internal" row in pg_depend for
    -- the view...
    from pg_class as dependent_class
    join pg_namespace as dependent_namespace on dependent_namespace.oid = dependent_class.relnamespace
    join pg_depend as dependent_depend on dependent_depend.refobjid = dependent_class.oid
        and dependent_depend.classid = 'pg_rewrite'::regclass
        and dependent_depend.refclassid = 'pg_class'::regclass
        and dependent_depend.deptype = 'i'

    -- ... and via pg_depend (that has a row per column, hence the need for "distinct" above, and
    -- making sure to exclude the internal row to avoid a view appearing to depend on itself)...
    join pg_depend as joining_depend on joining_depend.objid = dependent_depend.objid
        and joining_depend.classid = 'pg_rewrite'::regclass
        and joining_depend.refclassid = 'pg_class'::regclass
        and joining_depend.refobjid != dependent_depend.refobjid

    -- ... we can find the tables they query from in pg_class, but excluding system tables. Note we
    -- don't need need to exclude _dependent_ system tables, because they only query from other
    -- system tables, and so are automatically excluded by excluding _referenced_ system tables
    join pg_class as referenced_class on referenced_class.oid = joining_depend.refobjid
    join pg_namespace as referenced_namespace on referenced_namespace.oid = referenced_class.relnamespace
        and referenced_namespace.nspname != 'information_schema'
        and referenced_namespace.nspname not like 'pg\_%'

    order by
        dependent_schema, dependent_name, referenced_schema, referenced_name;
[0m23:26:05.043978 [debug] [MainThread]: Opening a new connection, currently in state init
[0m23:26:05.091712 [debug] [MainThread]: SQL status: SELECT 4 in 0.051 seconds
[0m23:26:05.110212 [debug] [MainThread]: Sending event: {'category': 'dbt', 'action': 'runnable_timing', 'label': 'e3ea4b90-0f46-48b8-b5d8-d7f1e82e3ab8', 'context': [<snowplow_tracker.self_describing_json.SelfDescribingJson object at 0x000001A9EBDD7590>]}
[0m23:26:05.110212 [debug] [MainThread]: On master: ROLLBACK
[0m23:26:05.113407 [debug] [MainThread]: On master: COMMIT
[0m23:26:05.113407 [debug] [MainThread]: Using postgres connection "master"
[0m23:26:05.113407 [debug] [MainThread]: On master: COMMIT
[0m23:26:05.123583 [debug] [MainThread]: SQL status: COMMIT in 0.005 seconds
[0m23:26:05.123583 [debug] [MainThread]: On master: Close
[0m23:26:05.123583 [debug] [Thread-1 (]: Began running node test.ecommerce_lakehouse.not_null_dim_customers_customer_id.dd91cd1c8d
[0m23:26:05.139312 [debug] [Thread-3 (]: Began running node test.ecommerce_lakehouse.not_null_fct_orders_customer_id.16fe324f7b
[0m23:26:05.139312 [debug] [Thread-2 (]: Began running node test.ecommerce_lakehouse.not_null_dim_products_product_id.c8aba288d1
[0m23:26:05.139312 [debug] [Thread-4 (]: Began running node test.ecommerce_lakehouse.not_null_fct_orders_order_id.4e687af8d0
[0m23:26:05.139312 [info ] [Thread-1 (]: 1 of 8 START test not_null_dim_customers_customer_id ........................... [RUN]
[0m23:26:05.139312 [info ] [Thread-3 (]: 3 of 8 START test not_null_fct_orders_customer_id .............................. [RUN]
[0m23:26:05.139312 [info ] [Thread-2 (]: 2 of 8 START test not_null_dim_products_product_id ............................. [RUN]
[0m23:26:05.139312 [info ] [Thread-4 (]: 4 of 8 START test not_null_fct_orders_order_id ................................. [RUN]
[0m23:26:05.139312 [debug] [Thread-1 (]: Acquiring new postgres connection 'test.ecommerce_lakehouse.not_null_dim_customers_customer_id.dd91cd1c8d'
[0m23:26:05.154154 [debug] [Thread-3 (]: Acquiring new postgres connection 'test.ecommerce_lakehouse.not_null_fct_orders_customer_id.16fe324f7b'
[0m23:26:05.155282 [debug] [Thread-2 (]: Acquiring new postgres connection 'test.ecommerce_lakehouse.not_null_dim_products_product_id.c8aba288d1'
[0m23:26:05.155282 [debug] [Thread-4 (]: Acquiring new postgres connection 'test.ecommerce_lakehouse.not_null_fct_orders_order_id.4e687af8d0'
[0m23:26:05.159168 [debug] [Thread-1 (]: Began compiling node test.ecommerce_lakehouse.not_null_dim_customers_customer_id.dd91cd1c8d
[0m23:26:05.159168 [debug] [Thread-3 (]: Began compiling node test.ecommerce_lakehouse.not_null_fct_orders_customer_id.16fe324f7b
[0m23:26:05.159168 [debug] [Thread-2 (]: Began compiling node test.ecommerce_lakehouse.not_null_dim_products_product_id.c8aba288d1
[0m23:26:05.159168 [debug] [Thread-4 (]: Began compiling node test.ecommerce_lakehouse.not_null_fct_orders_order_id.4e687af8d0
[0m23:26:05.204872 [debug] [Thread-1 (]: Writing injected SQL for node "test.ecommerce_lakehouse.not_null_dim_customers_customer_id.dd91cd1c8d"
[0m23:26:05.220596 [debug] [Thread-3 (]: Writing injected SQL for node "test.ecommerce_lakehouse.not_null_fct_orders_customer_id.16fe324f7b"
[0m23:26:05.235183 [debug] [Thread-2 (]: Writing injected SQL for node "test.ecommerce_lakehouse.not_null_dim_products_product_id.c8aba288d1"
[0m23:26:05.251333 [debug] [Thread-4 (]: Writing injected SQL for node "test.ecommerce_lakehouse.not_null_fct_orders_order_id.4e687af8d0"
[0m23:26:05.267177 [debug] [Thread-1 (]: Began executing node test.ecommerce_lakehouse.not_null_dim_customers_customer_id.dd91cd1c8d
[0m23:26:05.268205 [debug] [Thread-3 (]: Began executing node test.ecommerce_lakehouse.not_null_fct_orders_customer_id.16fe324f7b
[0m23:26:05.268205 [debug] [Thread-2 (]: Began executing node test.ecommerce_lakehouse.not_null_dim_products_product_id.c8aba288d1
[0m23:26:05.299189 [debug] [Thread-4 (]: Began executing node test.ecommerce_lakehouse.not_null_fct_orders_order_id.4e687af8d0
[0m23:26:05.314937 [debug] [Thread-1 (]: Writing runtime sql for node "test.ecommerce_lakehouse.not_null_dim_customers_customer_id.dd91cd1c8d"
[0m23:26:05.314937 [debug] [Thread-3 (]: Writing runtime sql for node "test.ecommerce_lakehouse.not_null_fct_orders_customer_id.16fe324f7b"
[0m23:26:05.314937 [debug] [Thread-2 (]: Writing runtime sql for node "test.ecommerce_lakehouse.not_null_dim_products_product_id.c8aba288d1"
[0m23:26:05.332434 [debug] [Thread-4 (]: Writing runtime sql for node "test.ecommerce_lakehouse.not_null_fct_orders_order_id.4e687af8d0"
[0m23:26:05.338260 [debug] [Thread-1 (]: Using postgres connection "test.ecommerce_lakehouse.not_null_dim_customers_customer_id.dd91cd1c8d"
[0m23:26:05.338260 [debug] [Thread-3 (]: Using postgres connection "test.ecommerce_lakehouse.not_null_fct_orders_customer_id.16fe324f7b"
[0m23:26:05.338260 [debug] [Thread-2 (]: Using postgres connection "test.ecommerce_lakehouse.not_null_dim_products_product_id.c8aba288d1"
[0m23:26:05.338260 [debug] [Thread-1 (]: On test.ecommerce_lakehouse.not_null_dim_customers_customer_id.dd91cd1c8d: /* {"app": "dbt", "dbt_version": "1.12.5", "profile_name": "ecommerce_dw_profile", "target_name": "dev", "node_id": "test.ecommerce_lakehouse.not_null_dim_customers_customer_id.dd91cd1c8d"} */

    
    select
      count(*) as failures,
      count(*) != 0 as should_warn,
      count(*) != 0 as should_error
    from (
      
    
  
    
    



select customer_id
from "ecommerce_dw"."gold"."dim_customers"
where customer_id is null



  
  
      
    ) dbt_internal_test
[0m23:26:05.346246 [debug] [Thread-4 (]: Using postgres connection "test.ecommerce_lakehouse.not_null_fct_orders_order_id.4e687af8d0"
[0m23:26:05.346246 [debug] [Thread-3 (]: On test.ecommerce_lakehouse.not_null_fct_orders_customer_id.16fe324f7b: /* {"app": "dbt", "dbt_version": "1.12.5", "profile_name": "ecommerce_dw_profile", "target_name": "dev", "node_id": "test.ecommerce_lakehouse.not_null_fct_orders_customer_id.16fe324f7b"} */

    
    select
      count(*) as failures,
      count(*) != 0 as should_warn,
      count(*) != 0 as should_error
    from (
      
    
  
    
    



select customer_id
from "ecommerce_dw"."gold"."fct_orders"
where customer_id is null



  
  
      
    ) dbt_internal_test
[0m23:26:05.346246 [debug] [Thread-2 (]: On test.ecommerce_lakehouse.not_null_dim_products_product_id.c8aba288d1: /* {"app": "dbt", "dbt_version": "1.12.5", "profile_name": "ecommerce_dw_profile", "target_name": "dev", "node_id": "test.ecommerce_lakehouse.not_null_dim_products_product_id.c8aba288d1"} */

    
    select
      count(*) as failures,
      count(*) != 0 as should_warn,
      count(*) != 0 as should_error
    from (
      
    
  
    
    



select product_id
from "ecommerce_dw"."gold"."dim_products"
where product_id is null



  
  
      
    ) dbt_internal_test
[0m23:26:05.346246 [debug] [Thread-1 (]: Opening a new connection, currently in state init
[0m23:26:05.346246 [debug] [Thread-4 (]: On test.ecommerce_lakehouse.not_null_fct_orders_order_id.4e687af8d0: /* {"app": "dbt", "dbt_version": "1.12.5", "profile_name": "ecommerce_dw_profile", "target_name": "dev", "node_id": "test.ecommerce_lakehouse.not_null_fct_orders_order_id.4e687af8d0"} */

    
    select
      count(*) as failures,
      count(*) != 0 as should_warn,
      count(*) != 0 as should_error
    from (
      
    
  
    
    



select order_id
from "ecommerce_dw"."gold"."fct_orders"
where order_id is null



  
  
      
    ) dbt_internal_test
[0m23:26:05.346246 [debug] [Thread-3 (]: Opening a new connection, currently in state init
[0m23:26:05.346246 [debug] [Thread-2 (]: Opening a new connection, currently in state init
[0m23:26:05.346246 [debug] [Thread-4 (]: Opening a new connection, currently in state init
[0m23:26:05.406237 [debug] [Thread-2 (]: SQL status: SELECT 1 in 0.051 seconds
[0m23:26:05.418216 [debug] [Thread-2 (]: On test.ecommerce_lakehouse.not_null_dim_products_product_id.c8aba288d1: ROLLBACK
[0m23:26:05.418216 [debug] [Thread-1 (]: SQL status: SELECT 1 in 0.069 seconds
[0m23:26:05.418216 [debug] [Thread-3 (]: SQL status: SELECT 1 in 0.067 seconds
[0m23:26:05.418216 [debug] [Thread-4 (]: SQL status: SELECT 1 in 0.064 seconds
[0m23:26:05.425560 [debug] [Thread-1 (]: On test.ecommerce_lakehouse.not_null_dim_customers_customer_id.dd91cd1c8d: ROLLBACK
[0m23:26:05.427516 [debug] [Thread-2 (]: On test.ecommerce_lakehouse.not_null_dim_products_product_id.c8aba288d1: Close
[0m23:26:05.427516 [debug] [Thread-3 (]: On test.ecommerce_lakehouse.not_null_fct_orders_customer_id.16fe324f7b: ROLLBACK
[0m23:26:05.427516 [debug] [Thread-4 (]: On test.ecommerce_lakehouse.not_null_fct_orders_order_id.4e687af8d0: ROLLBACK
[0m23:26:05.438337 [debug] [Thread-1 (]: On test.ecommerce_lakehouse.not_null_dim_customers_customer_id.dd91cd1c8d: Close
[0m23:26:05.435024 [info ] [Thread-2 (]: 2 of 8 PASS not_null_dim_products_product_id ................................... [[32mPASS[0m in 0.28s]
[0m23:26:05.444746 [debug] [Thread-3 (]: On test.ecommerce_lakehouse.not_null_fct_orders_customer_id.16fe324f7b: Close
[0m23:26:05.444746 [debug] [Thread-4 (]: On test.ecommerce_lakehouse.not_null_fct_orders_order_id.4e687af8d0: Close
[0m23:26:05.442726 [info ] [Thread-1 (]: 1 of 8 PASS not_null_dim_customers_customer_id ................................. [[32mPASS[0m in 0.30s]
[0m23:26:05.444746 [debug] [Thread-2 (]: Finished running node test.ecommerce_lakehouse.not_null_dim_products_product_id.c8aba288d1
[0m23:26:05.444746 [info ] [Thread-3 (]: 3 of 8 PASS not_null_fct_orders_customer_id .................................... [[32mPASS[0m in 0.31s]
[0m23:26:05.453566 [debug] [Thread-1 (]: Finished running node test.ecommerce_lakehouse.not_null_dim_customers_customer_id.dd91cd1c8d
[0m23:26:05.456882 [info ] [Thread-4 (]: 4 of 8 PASS not_null_fct_orders_order_id ....................................... [[32mPASS[0m in 0.30s]
[0m23:26:05.456882 [debug] [Thread-2 (]: Began running node test.ecommerce_lakehouse.relationships_fct_orders_customer_id__customer_id__ref_dim_customers_.d5636051d4
[0m23:26:05.458898 [debug] [Thread-3 (]: Finished running node test.ecommerce_lakehouse.not_null_fct_orders_customer_id.16fe324f7b
[0m23:26:05.460911 [debug] [Thread-1 (]: Began running node test.ecommerce_lakehouse.unique_dim_customers_customer_id.15c9f1e2fd
[0m23:26:05.460911 [debug] [Thread-4 (]: Finished running node test.ecommerce_lakehouse.not_null_fct_orders_order_id.4e687af8d0
[0m23:26:05.462925 [info ] [Thread-2 (]: 5 of 8 START test relationships_fct_orders_customer_id__customer_id__ref_dim_customers_  [RUN]
[0m23:26:05.462925 [debug] [Thread-3 (]: Began running node test.ecommerce_lakehouse.unique_dim_products_product_id.ef7b2a9985
[0m23:26:05.466528 [info ] [Thread-1 (]: 6 of 8 START test unique_dim_customers_customer_id ............................. [RUN]
[0m23:26:05.466528 [debug] [Thread-4 (]: Began running node test.ecommerce_lakehouse.unique_fct_orders_order_id.523ddb6ce5
[0m23:26:05.468540 [debug] [Thread-2 (]: Re-using an available connection from the pool (formerly test.ecommerce_lakehouse.not_null_dim_products_product_id.c8aba288d1, now test.ecommerce_lakehouse.relationships_fct_orders_customer_id__customer_id__ref_dim_customers_.d5636051d4)
[0m23:26:05.470556 [info ] [Thread-3 (]: 7 of 8 START test unique_dim_products_product_id ............................... [RUN]
[0m23:26:05.472576 [debug] [Thread-1 (]: Re-using an available connection from the pool (formerly test.ecommerce_lakehouse.not_null_dim_customers_customer_id.dd91cd1c8d, now test.ecommerce_lakehouse.unique_dim_customers_customer_id.15c9f1e2fd)
[0m23:26:05.474589 [info ] [Thread-4 (]: 8 of 8 START test unique_fct_orders_order_id ................................... [RUN]
[0m23:26:05.474589 [debug] [Thread-2 (]: Began compiling node test.ecommerce_lakehouse.relationships_fct_orders_customer_id__customer_id__ref_dim_customers_.d5636051d4
[0m23:26:05.476603 [debug] [Thread-3 (]: Re-using an available connection from the pool (formerly test.ecommerce_lakehouse.not_null_fct_orders_customer_id.16fe324f7b, now test.ecommerce_lakehouse.unique_dim_products_product_id.ef7b2a9985)
[0m23:26:05.476603 [debug] [Thread-1 (]: Began compiling node test.ecommerce_lakehouse.unique_dim_customers_customer_id.15c9f1e2fd
[0m23:26:05.478618 [debug] [Thread-4 (]: Re-using an available connection from the pool (formerly test.ecommerce_lakehouse.not_null_fct_orders_order_id.4e687af8d0, now test.ecommerce_lakehouse.unique_fct_orders_order_id.523ddb6ce5)
[0m23:26:05.504662 [debug] [Thread-2 (]: Writing injected SQL for node "test.ecommerce_lakehouse.relationships_fct_orders_customer_id__customer_id__ref_dim_customers_.d5636051d4"
[0m23:26:05.504662 [debug] [Thread-3 (]: Began compiling node test.ecommerce_lakehouse.unique_dim_products_product_id.ef7b2a9985
[0m23:26:05.520678 [debug] [Thread-1 (]: Writing injected SQL for node "test.ecommerce_lakehouse.unique_dim_customers_customer_id.15c9f1e2fd"
[0m23:26:05.520678 [debug] [Thread-4 (]: Began compiling node test.ecommerce_lakehouse.unique_fct_orders_order_id.523ddb6ce5
[0m23:26:05.536496 [debug] [Thread-3 (]: Writing injected SQL for node "test.ecommerce_lakehouse.unique_dim_products_product_id.ef7b2a9985"
[0m23:26:05.552176 [debug] [Thread-2 (]: Began executing node test.ecommerce_lakehouse.relationships_fct_orders_customer_id__customer_id__ref_dim_customers_.d5636051d4
[0m23:26:05.569749 [debug] [Thread-4 (]: Writing injected SQL for node "test.ecommerce_lakehouse.unique_fct_orders_order_id.523ddb6ce5"
[0m23:26:05.571767 [debug] [Thread-1 (]: Began executing node test.ecommerce_lakehouse.unique_dim_customers_customer_id.15c9f1e2fd
[0m23:26:05.571767 [debug] [Thread-2 (]: Writing runtime sql for node "test.ecommerce_lakehouse.relationships_fct_orders_customer_id__customer_id__ref_dim_customers_.d5636051d4"
[0m23:26:05.571767 [debug] [Thread-3 (]: Began executing node test.ecommerce_lakehouse.unique_dim_products_product_id.ef7b2a9985
[0m23:26:05.583434 [debug] [Thread-1 (]: Writing runtime sql for node "test.ecommerce_lakehouse.unique_dim_customers_customer_id.15c9f1e2fd"
[0m23:26:05.583434 [debug] [Thread-4 (]: Began executing node test.ecommerce_lakehouse.unique_fct_orders_order_id.523ddb6ce5
[0m23:26:05.591209 [debug] [Thread-3 (]: Writing runtime sql for node "test.ecommerce_lakehouse.unique_dim_products_product_id.ef7b2a9985"
[0m23:26:05.591209 [debug] [Thread-2 (]: Using postgres connection "test.ecommerce_lakehouse.relationships_fct_orders_customer_id__customer_id__ref_dim_customers_.d5636051d4"
[0m23:26:05.599587 [debug] [Thread-4 (]: Writing runtime sql for node "test.ecommerce_lakehouse.unique_fct_orders_order_id.523ddb6ce5"
[0m23:26:05.599587 [debug] [Thread-1 (]: Using postgres connection "test.ecommerce_lakehouse.unique_dim_customers_customer_id.15c9f1e2fd"
[0m23:26:05.605299 [debug] [Thread-2 (]: On test.ecommerce_lakehouse.relationships_fct_orders_customer_id__customer_id__ref_dim_customers_.d5636051d4: /* {"app": "dbt", "dbt_version": "1.12.5", "profile_name": "ecommerce_dw_profile", "target_name": "dev", "node_id": "test.ecommerce_lakehouse.relationships_fct_orders_customer_id__customer_id__ref_dim_customers_.d5636051d4"} */

    
    select
      count(*) as failures,
      count(*) != 0 as should_warn,
      count(*) != 0 as should_error
    from (
      
    
  
    
    

with child as (
    select customer_id as from_field
    from "ecommerce_dw"."gold"."fct_orders"
    where customer_id is not null
),

parent as (
    select customer_id as to_field
    from "ecommerce_dw"."gold"."dim_customers"
)

select
    from_field

from child
left join parent
    on child.from_field = parent.to_field

where parent.to_field is null



  
  
      
    ) dbt_internal_test
[0m23:26:05.605299 [debug] [Thread-3 (]: Using postgres connection "test.ecommerce_lakehouse.unique_dim_products_product_id.ef7b2a9985"
[0m23:26:05.605299 [debug] [Thread-1 (]: On test.ecommerce_lakehouse.unique_dim_customers_customer_id.15c9f1e2fd: /* {"app": "dbt", "dbt_version": "1.12.5", "profile_name": "ecommerce_dw_profile", "target_name": "dev", "node_id": "test.ecommerce_lakehouse.unique_dim_customers_customer_id.15c9f1e2fd"} */

    
    select
      count(*) as failures,
      count(*) != 0 as should_warn,
      count(*) != 0 as should_error
    from (
      
    
  
    
    

select
    customer_id as unique_field,
    count(*) as n_records

from "ecommerce_dw"."gold"."dim_customers"
where customer_id is not null
group by customer_id
having count(*) > 1



  
  
      
    ) dbt_internal_test
[0m23:26:05.605299 [debug] [Thread-2 (]: Opening a new connection, currently in state closed
[0m23:26:05.605299 [debug] [Thread-4 (]: Using postgres connection "test.ecommerce_lakehouse.unique_fct_orders_order_id.523ddb6ce5"
[0m23:26:05.605299 [debug] [Thread-3 (]: On test.ecommerce_lakehouse.unique_dim_products_product_id.ef7b2a9985: /* {"app": "dbt", "dbt_version": "1.12.5", "profile_name": "ecommerce_dw_profile", "target_name": "dev", "node_id": "test.ecommerce_lakehouse.unique_dim_products_product_id.ef7b2a9985"} */

    
    select
      count(*) as failures,
      count(*) != 0 as should_warn,
      count(*) != 0 as should_error
    from (
      
    
  
    
    

select
    product_id as unique_field,
    count(*) as n_records

from "ecommerce_dw"."gold"."dim_products"
where product_id is not null
group by product_id
having count(*) > 1



  
  
      
    ) dbt_internal_test
[0m23:26:05.615442 [debug] [Thread-1 (]: Opening a new connection, currently in state closed
[0m23:26:05.615442 [debug] [Thread-4 (]: On test.ecommerce_lakehouse.unique_fct_orders_order_id.523ddb6ce5: /* {"app": "dbt", "dbt_version": "1.12.5", "profile_name": "ecommerce_dw_profile", "target_name": "dev", "node_id": "test.ecommerce_lakehouse.unique_fct_orders_order_id.523ddb6ce5"} */

    
    select
      count(*) as failures,
      count(*) != 0 as should_warn,
      count(*) != 0 as should_error
    from (
      
    
  
    
    

select
    order_id as unique_field,
    count(*) as n_records

from "ecommerce_dw"."gold"."fct_orders"
where order_id is not null
group by order_id
having count(*) > 1



  
  
      
    ) dbt_internal_test
[0m23:26:05.615442 [debug] [Thread-3 (]: Opening a new connection, currently in state closed
[0m23:26:05.615442 [debug] [Thread-4 (]: Opening a new connection, currently in state closed
[0m23:26:05.760708 [debug] [Thread-3 (]: SQL status: SELECT 1 in 0.140 seconds
[0m23:26:05.768880 [debug] [Thread-3 (]: On test.ecommerce_lakehouse.unique_dim_products_product_id.ef7b2a9985: ROLLBACK
[0m23:26:05.775109 [debug] [Thread-3 (]: On test.ecommerce_lakehouse.unique_dim_products_product_id.ef7b2a9985: Close
[0m23:26:05.779989 [info ] [Thread-3 (]: 7 of 8 PASS unique_dim_products_product_id ..................................... [[32mPASS[0m in 0.30s]
[0m23:26:05.784066 [debug] [Thread-3 (]: Finished running node test.ecommerce_lakehouse.unique_dim_products_product_id.ef7b2a9985
[0m23:26:05.805001 [debug] [Thread-2 (]: SQL status: SELECT 1 in 0.195 seconds
[0m23:26:05.809050 [debug] [Thread-2 (]: On test.ecommerce_lakehouse.relationships_fct_orders_customer_id__customer_id__ref_dim_customers_.d5636051d4: ROLLBACK
[0m23:26:05.811566 [debug] [Thread-2 (]: On test.ecommerce_lakehouse.relationships_fct_orders_customer_id__customer_id__ref_dim_customers_.d5636051d4: Close
[0m23:26:05.814104 [info ] [Thread-2 (]: 5 of 8 PASS relationships_fct_orders_customer_id__customer_id__ref_dim_customers_  [[32mPASS[0m in 0.35s]
[0m23:26:05.817169 [debug] [Thread-2 (]: Finished running node test.ecommerce_lakehouse.relationships_fct_orders_customer_id__customer_id__ref_dim_customers_.d5636051d4
[0m23:26:05.879422 [debug] [Thread-4 (]: SQL status: SELECT 1 in 0.256 seconds
[0m23:26:05.883916 [debug] [Thread-4 (]: On test.ecommerce_lakehouse.unique_fct_orders_order_id.523ddb6ce5: ROLLBACK
[0m23:26:05.883916 [debug] [Thread-1 (]: SQL status: SELECT 1 in 0.268 seconds
[0m23:26:05.883916 [debug] [Thread-1 (]: On test.ecommerce_lakehouse.unique_dim_customers_customer_id.15c9f1e2fd: ROLLBACK
[0m23:26:05.883916 [debug] [Thread-4 (]: On test.ecommerce_lakehouse.unique_fct_orders_order_id.523ddb6ce5: Close
[0m23:26:05.892004 [debug] [Thread-1 (]: On test.ecommerce_lakehouse.unique_dim_customers_customer_id.15c9f1e2fd: Close
[0m23:26:05.883916 [info ] [Thread-4 (]: 8 of 8 PASS unique_fct_orders_order_id ......................................... [[32mPASS[0m in 0.41s]
[0m23:26:05.894028 [info ] [Thread-1 (]: 6 of 8 PASS unique_dim_customers_customer_id ................................... [[32mPASS[0m in 0.42s]
[0m23:26:05.896048 [debug] [Thread-4 (]: Finished running node test.ecommerce_lakehouse.unique_fct_orders_order_id.523ddb6ce5
[0m23:26:05.898071 [debug] [Thread-1 (]: Finished running node test.ecommerce_lakehouse.unique_dim_customers_customer_id.15c9f1e2fd
[0m23:26:05.899826 [debug] [MainThread]: On master: COMMIT
[0m23:26:05.899826 [debug] [MainThread]: Using postgres connection "master"
[0m23:26:05.904683 [debug] [MainThread]: On master: COMMIT
[0m23:26:05.904683 [debug] [MainThread]: Opening a new connection, currently in state closed
[0m23:26:05.934197 [debug] [MainThread]: SQL status: COMMIT in 0.040 seconds
[0m23:26:05.934197 [debug] [MainThread]: On master: Close
[0m23:26:05.947665 [debug] [MainThread]: Connection 'master' was properly closed.
[0m23:26:05.951770 [debug] [MainThread]: Connection 'list_ecommerce_dw_gold' was properly closed.
[0m23:26:05.954333 [debug] [MainThread]: Connection 'test.ecommerce_lakehouse.unique_dim_customers_customer_id.15c9f1e2fd' was properly closed.
[0m23:26:05.956623 [debug] [MainThread]: Connection 'test.ecommerce_lakehouse.unique_dim_products_product_id.ef7b2a9985' was properly closed.
[0m23:26:05.956623 [debug] [MainThread]: Connection 'test.ecommerce_lakehouse.relationships_fct_orders_customer_id__customer_id__ref_dim_customers_.d5636051d4' was properly closed.
[0m23:26:05.956623 [debug] [MainThread]: Connection 'test.ecommerce_lakehouse.unique_fct_orders_order_id.523ddb6ce5' was properly closed.
[0m23:26:05.956623 [info ] [MainThread]: 
[0m23:26:05.963743 [info ] [MainThread]: Finished running 8 data tests in 0 hours 0 minutes and 1.31 seconds (1.31s).
[0m23:26:05.974340 [debug] [MainThread]: Command end result
[0m23:26:06.091544 [debug] [MainThread]: Wrote artifact WritableManifest to C:\Users\AH Info\Desktop\PROJECT_BI\modern-lakehouse-ecommerce\dbt_project\target\manifest.json
[0m23:26:06.091544 [debug] [MainThread]: Wrote artifact SemanticManifest to C:\Users\AH Info\Desktop\PROJECT_BI\modern-lakehouse-ecommerce\dbt_project\target\semantic_manifest.json
[0m23:26:06.107253 [debug] [MainThread]: Wrote artifact OsiDocument to C:\Users\AH Info\Desktop\PROJECT_BI\modern-lakehouse-ecommerce\dbt_project\target\osi_document.json
[0m23:26:06.123336 [debug] [MainThread]: Wrote artifact RunExecutionResult to C:\Users\AH Info\Desktop\PROJECT_BI\modern-lakehouse-ecommerce\dbt_project\target\run_results.json
[0m23:26:06.123336 [info ] [MainThread]: 
[0m23:26:06.123336 [info ] [MainThread]: [32mCompleted successfully[0m
[0m23:26:06.123336 [info ] [MainThread]: 
[0m23:26:06.131524 [info ] [MainThread]: Done. PASS=8 WARN=0 ERROR=0 SKIP=0 NO-OP=0 REUSED=0 TOTAL=8
[0m23:26:06.133532 [warn ] [MainThread]: [[33mWARNING[0m][DeprecationsSummary]: Deprecated functionality
Summary of encountered deprecations:
- MissingArgumentsPropertyInGenericTestDeprecation: 1 occurrence
To see all deprecation instances instead of just the first occurrence of each,
run command again with the `--show-all-deprecations` flag. You may also need to
run with `--no-partial-parse` as some deprecations are only encountered during
parsing.
[0m23:26:06.135539 [debug] [MainThread]: Command `dbt test` succeeded at 23:26:06.135539 after 4.42 seconds
[0m23:26:06.138416 [debug] [MainThread]: Sending event: {'category': 'dbt', 'action': 'invocation', 'label': 'end', 'context': [<snowplow_tracker.self_describing_json.SelfDescribingJson object at 0x000001A9EB42BE10>, <snowplow_tracker.self_describing_json.SelfDescribingJson object at 0x000001A9EB27B310>, <snowplow_tracker.self_describing_json.SelfDescribingJson object at 0x000001A9EB342F10>]}
[0m23:26:06.138416 [debug] [MainThread]: Flushing usage events
[0m23:26:06.750120 [debug] [MainThread]: An error was encountered while trying to flush usage events
[0m23:57:11.865648 [debug] [MainThread]: Sending event: {'category': 'dbt', 'action': 'invocation', 'label': 'start', 'context': [<snowplow_tracker.self_describing_json.SelfDescribingJson object at 0x00000234F47D1490>, <snowplow_tracker.self_describing_json.SelfDescribingJson object at 0x00000234F470C6D0>, <snowplow_tracker.self_describing_json.SelfDescribingJson object at 0x00000234F47174D0>]}


============================== 23:57:11.865648 | 19843baa-6bdf-42ac-8f28-cfb8f9bdbcde ==============================
[0m23:57:11.865648 [info ] [MainThread]: Running with dbt=1.12.5
[0m23:57:11.865648 [debug] [MainThread]: running dbt with arguments {'maximum_seed_size_mib': '1', 'no_print': 'None', 'version_check': 'True', 'warn_error_options': 'WarnErrorOptionsV2(error=[], warn=[], silence=[])', 'target_path': 'None', 'static_parser': 'True', 'printer_width': '80', 'write_json': 'True', 'introspect': 'True', 'log_cache_events': 'False', 'empty': 'False', 'cache_selected_only': 'False', 'fail_fast': 'False', 'debug': 'False', 'log_format': 'default', 'partial_parse': 'True', 'send_anonymous_usage_stats': 'True', 'quiet': 'False', 'warn_error': 'None', 'profiles_dir': '.', 'indirect_selection': 'eager', 'hints_enabled': 'True', 'use_colors': 'True', 'use_experimental_parser': 'False', 'invocation_command': 'dbt run --profiles-dir .', 'log_path': 'C:\\Users\\AH Info\\Desktop\\PROJECT_BI\\modern-lakehouse-ecommerce\\dbt_project\\logs'}
[0m23:57:12.341020 [debug] [MainThread]: Sending event: {'category': 'dbt', 'action': 'project_id', 'label': '19843baa-6bdf-42ac-8f28-cfb8f9bdbcde', 'context': [<snowplow_tracker.self_describing_json.SelfDescribingJson object at 0x00000234F4778390>]}
[0m23:57:12.420504 [debug] [MainThread]: Sending event: {'category': 'dbt', 'action': 'adapter_info', 'label': '19843baa-6bdf-42ac-8f28-cfb8f9bdbcde', 'context': [<snowplow_tracker.self_describing_json.SelfDescribingJson object at 0x00000234EFF3ADD0>]}
[0m23:57:12.436184 [info ] [MainThread]: Registered adapter: postgres=1.11.0
[0m23:57:13.551070 [debug] [MainThread]: checksum: 47aa1655c51f4746ffe4c3e26485233df529fda9ea534f954c00dbdd96e28ce0, vars: {}, profile: ecommerce_dw_profile, target: dev, version: 1.12.5
[0m23:57:15.213757 [debug] [MainThread]: Partial parsing enabled: 0 files deleted, 0 files added, 0 files changed.
[0m23:57:15.225437 [debug] [MainThread]: Nothing changed, skipping partial parsing.
[0m23:57:15.225437 [debug] [MainThread]: Partial parsing enabled, no changes found, skipping parsing
[0m23:57:15.241533 [debug] [MainThread]: Sending event: {'category': 'dbt', 'action': 'load_project', 'label': '19843baa-6bdf-42ac-8f28-cfb8f9bdbcde', 'context': [<snowplow_tracker.self_describing_json.SelfDescribingJson object at 0x00000234F4EA0290>]}
[0m23:57:15.497789 [debug] [MainThread]: Wrote artifact WritableManifest to C:\Users\AH Info\Desktop\PROJECT_BI\modern-lakehouse-ecommerce\dbt_project\target\manifest.json
[0m23:57:15.511609 [debug] [MainThread]: Wrote artifact SemanticManifest to C:\Users\AH Info\Desktop\PROJECT_BI\modern-lakehouse-ecommerce\dbt_project\target\semantic_manifest.json
[0m23:57:15.600952 [debug] [MainThread]: Wrote artifact OsiDocument to C:\Users\AH Info\Desktop\PROJECT_BI\modern-lakehouse-ecommerce\dbt_project\target\osi_document.json
[0m23:57:15.622816 [debug] [MainThread]: Sending event: {'category': 'dbt', 'action': 'resource_counts', 'label': '19843baa-6bdf-42ac-8f28-cfb8f9bdbcde', 'context': [<snowplow_tracker.self_describing_json.SelfDescribingJson object at 0x00000234F4D0B950>]}
[0m23:57:15.622816 [info ] [MainThread]: Found 7 models, 8 data tests, 4 sources, 477 macros
[0m23:57:15.622816 [debug] [MainThread]: Sending event: {'category': 'dbt', 'action': 'runnable_timing', 'label': '19843baa-6bdf-42ac-8f28-cfb8f9bdbcde', 'context': [<snowplow_tracker.self_describing_json.SelfDescribingJson object at 0x00000234F4C99950>]}
[0m23:57:15.640649 [info ] [MainThread]: 
[0m23:57:15.640649 [info ] [MainThread]: Concurrency: 4 threads (target='dev')
[0m23:57:15.642659 [info ] [MainThread]: 
[0m23:57:15.642659 [debug] [MainThread]: Acquiring new postgres connection 'master'
[0m23:57:15.652890 [debug] [ThreadPool]: Acquiring new postgres connection 'list_ecommerce_dw'
[0m23:57:19.030408 [debug] [ThreadPool]: Using postgres connection "list_ecommerce_dw"
[0m23:57:19.030408 [debug] [ThreadPool]: On list_ecommerce_dw: /* {"app": "dbt", "dbt_version": "1.12.5", "profile_name": "ecommerce_dw_profile", "target_name": "dev", "connection_name": "list_ecommerce_dw"} */

    select distinct nspname from pg_namespace
  
[0m23:57:19.030408 [debug] [ThreadPool]: Opening a new connection, currently in state init
[0m23:57:19.061937 [debug] [ThreadPool]: SQL status: SELECT 5 in 0.037 seconds
[0m23:57:19.061937 [debug] [ThreadPool]: On list_ecommerce_dw: Close
[0m23:57:19.061937 [debug] [ThreadPool]: Acquiring new postgres connection 'list_ecommerce_dw_gold'
[0m23:57:19.081880 [debug] [ThreadPool]: Using postgres connection "list_ecommerce_dw_gold"
[0m23:57:19.083888 [debug] [ThreadPool]: On list_ecommerce_dw_gold: /* {"app": "dbt", "dbt_version": "1.12.5", "profile_name": "ecommerce_dw_profile", "target_name": "dev", "connection_name": "list_ecommerce_dw_gold"} */
select
      'ecommerce_dw' as database,
      tablename as name,
      schemaname as schema,
      'table' as type
    from pg_tables
    where schemaname ilike 'gold'
    union all
    select
      'ecommerce_dw' as database,
      viewname as name,
      schemaname as schema,
      'view' as type
    from pg_views
    where schemaname ilike 'gold'
    union all
    select
      'ecommerce_dw' as database,
      matviewname as name,
      schemaname as schema,
      'materialized_view' as type
    from pg_matviews
    where schemaname ilike 'gold'
    union all
    select distinct
     'ecommerce_dw' as database,
     proname as name,
     ns.nspname as schema,
     'function' as type
    from pg_proc
     join pg_namespace as ns on pronamespace = ns.oid
    where ns.nspname ilike 'gold'
  
[0m23:57:19.083888 [debug] [ThreadPool]: Opening a new connection, currently in state init
[0m23:57:19.221273 [debug] [ThreadPool]: SQL status: SELECT 9 in 0.144 seconds
[0m23:57:19.221273 [debug] [ThreadPool]: On list_ecommerce_dw_gold: ROLLBACK
[0m23:57:19.221273 [debug] [ThreadPool]: On list_ecommerce_dw_gold: Close
[0m23:57:19.237332 [debug] [MainThread]: Using postgres connection "master"
[0m23:57:19.237332 [debug] [MainThread]: On master: /* {"app": "dbt", "dbt_version": "1.12.5", "profile_name": "ecommerce_dw_profile", "target_name": "dev", "connection_name": "master"} */
select distinct
        dependent_namespace.nspname as dependent_schema,
        dependent_class.relname as dependent_name,
        referenced_namespace.nspname as referenced_schema,
        referenced_class.relname as referenced_name

    -- Query for views: views are entries in pg_class with an entry in pg_rewrite, but we avoid
    -- a seq scan on pg_rewrite by leveraging the fact there is an "internal" row in pg_depend for
    -- the view...
    from pg_class as dependent_class
    join pg_namespace as dependent_namespace on dependent_namespace.oid = dependent_class.relnamespace
    join pg_depend as dependent_depend on dependent_depend.refobjid = dependent_class.oid
        and dependent_depend.classid = 'pg_rewrite'::regclass
        and dependent_depend.refclassid = 'pg_class'::regclass
        and dependent_depend.deptype = 'i'

    -- ... and via pg_depend (that has a row per column, hence the need for "distinct" above, and
    -- making sure to exclude the internal row to avoid a view appearing to depend on itself)...
    join pg_depend as joining_depend on joining_depend.objid = dependent_depend.objid
        and joining_depend.classid = 'pg_rewrite'::regclass
        and joining_depend.refclassid = 'pg_class'::regclass
        and joining_depend.refobjid != dependent_depend.refobjid

    -- ... we can find the tables they query from in pg_class, but excluding system tables. Note we
    -- don't need need to exclude _dependent_ system tables, because they only query from other
    -- system tables, and so are automatically excluded by excluding _referenced_ system tables
    join pg_class as referenced_class on referenced_class.oid = joining_depend.refobjid
    join pg_namespace as referenced_namespace on referenced_namespace.oid = referenced_class.relnamespace
        and referenced_namespace.nspname != 'information_schema'
        and referenced_namespace.nspname not like 'pg\_%'

    order by
        dependent_schema, dependent_name, referenced_schema, referenced_name;
[0m23:57:19.237332 [debug] [MainThread]: Opening a new connection, currently in state init
[0m23:57:19.269078 [debug] [MainThread]: SQL status: SELECT 4 in 0.035 seconds
[0m23:57:19.269078 [debug] [MainThread]: Sending event: {'category': 'dbt', 'action': 'runnable_timing', 'label': '19843baa-6bdf-42ac-8f28-cfb8f9bdbcde', 'context': [<snowplow_tracker.self_describing_json.SelfDescribingJson object at 0x00000234F4D3CFD0>]}
[0m23:57:19.269078 [debug] [MainThread]: On master: ROLLBACK
[0m23:57:19.269078 [debug] [MainThread]: On master: COMMIT
[0m23:57:19.285120 [debug] [MainThread]: Using postgres connection "master"
[0m23:57:19.285120 [debug] [MainThread]: On master: COMMIT
[0m23:57:19.285120 [debug] [MainThread]: SQL status: COMMIT in 0.002 seconds
[0m23:57:19.285120 [debug] [MainThread]: On master: Close
[0m23:57:19.285120 [debug] [Thread-1 (]: Began running node model.ecommerce_lakehouse.stg_customers
[0m23:57:19.285120 [debug] [Thread-2 (]: Began running node model.ecommerce_lakehouse.stg_order_items
[0m23:57:19.285120 [debug] [Thread-3 (]: Began running node model.ecommerce_lakehouse.stg_orders
[0m23:57:19.285120 [debug] [Thread-4 (]: Began running node model.ecommerce_lakehouse.stg_products
[0m23:57:19.285120 [info ] [Thread-1 (]: 1 of 7 START sql view model gold.stg_customers ................................. [RUN]
[0m23:57:19.301252 [info ] [Thread-2 (]: 2 of 7 START sql view model gold.stg_order_items ............................... [RUN]
[0m23:57:19.301252 [info ] [Thread-3 (]: 3 of 7 START sql view model gold.stg_orders .................................... [RUN]
[0m23:57:19.301252 [info ] [Thread-4 (]: 4 of 7 START sql view model gold.stg_products .................................. [RUN]
[0m23:57:19.301252 [debug] [Thread-1 (]: Acquiring new postgres connection 'model.ecommerce_lakehouse.stg_customers'
[0m23:57:19.301252 [debug] [Thread-2 (]: Acquiring new postgres connection 'model.ecommerce_lakehouse.stg_order_items'
[0m23:57:19.301252 [debug] [Thread-3 (]: Acquiring new postgres connection 'model.ecommerce_lakehouse.stg_orders'
[0m23:57:19.301252 [debug] [Thread-4 (]: Acquiring new postgres connection 'model.ecommerce_lakehouse.stg_products'
[0m23:57:19.301252 [debug] [Thread-1 (]: Began compiling node model.ecommerce_lakehouse.stg_customers
[0m23:57:19.301252 [debug] [Thread-2 (]: Began compiling node model.ecommerce_lakehouse.stg_order_items
[0m23:57:19.301252 [debug] [Thread-3 (]: Began compiling node model.ecommerce_lakehouse.stg_orders
[0m23:57:19.301252 [debug] [Thread-4 (]: Began compiling node model.ecommerce_lakehouse.stg_products
[0m23:57:19.316950 [debug] [Thread-1 (]: Writing injected SQL for node "model.ecommerce_lakehouse.stg_customers"
[0m23:57:19.316950 [debug] [Thread-2 (]: Writing injected SQL for node "model.ecommerce_lakehouse.stg_order_items"
[0m23:57:19.316950 [debug] [Thread-3 (]: Writing injected SQL for node "model.ecommerce_lakehouse.stg_orders"
[0m23:57:19.316950 [debug] [Thread-4 (]: Writing injected SQL for node "model.ecommerce_lakehouse.stg_products"
[0m23:57:19.316950 [debug] [Thread-1 (]: Began executing node model.ecommerce_lakehouse.stg_customers
[0m23:57:19.316950 [debug] [Thread-4 (]: Began executing node model.ecommerce_lakehouse.stg_products
[0m23:57:19.332989 [debug] [Thread-2 (]: Began executing node model.ecommerce_lakehouse.stg_order_items
[0m23:57:19.372596 [debug] [Thread-1 (]: Writing runtime sql for node "model.ecommerce_lakehouse.stg_customers"
[0m23:57:19.372596 [debug] [Thread-3 (]: Began executing node model.ecommerce_lakehouse.stg_orders
[0m23:57:19.376610 [debug] [Thread-4 (]: Writing runtime sql for node "model.ecommerce_lakehouse.stg_products"
[0m23:57:19.380367 [debug] [Thread-2 (]: Writing runtime sql for node "model.ecommerce_lakehouse.stg_order_items"
[0m23:57:19.380367 [debug] [Thread-3 (]: Writing runtime sql for node "model.ecommerce_lakehouse.stg_orders"
[0m23:57:19.380367 [debug] [Thread-1 (]: Using postgres connection "model.ecommerce_lakehouse.stg_customers"
[0m23:57:19.380367 [debug] [Thread-4 (]: Using postgres connection "model.ecommerce_lakehouse.stg_products"
[0m23:57:19.380367 [debug] [Thread-2 (]: Using postgres connection "model.ecommerce_lakehouse.stg_order_items"
[0m23:57:19.380367 [debug] [Thread-1 (]: On model.ecommerce_lakehouse.stg_customers: /* {"app": "dbt", "dbt_version": "1.12.5", "profile_name": "ecommerce_dw_profile", "target_name": "dev", "node_id": "model.ecommerce_lakehouse.stg_customers"} */

  create view "ecommerce_dw"."gold"."stg_customers__dbt_tmp"
    
    
  as (
    with source as (
    select * from "ecommerce_dw"."public"."silver_customers"
)

select
    customer_id,
    customer_unique_id,
    customer_zip_code_prefix,
    customer_city,
    customer_state
from source
  );
[0m23:57:19.380367 [debug] [Thread-3 (]: Using postgres connection "model.ecommerce_lakehouse.stg_orders"
[0m23:57:19.380367 [debug] [Thread-4 (]: On model.ecommerce_lakehouse.stg_products: /* {"app": "dbt", "dbt_version": "1.12.5", "profile_name": "ecommerce_dw_profile", "target_name": "dev", "node_id": "model.ecommerce_lakehouse.stg_products"} */

  create view "ecommerce_dw"."gold"."stg_products__dbt_tmp"
    
    
  as (
    with source as (
    select * from "ecommerce_dw"."public"."silver_products"
)

select
    product_id,
    product_category_name,
    product_name_lenght,
    product_description_lenght,
    product_photos_qty,
    product_weight_g
from source
  );
[0m23:57:19.380367 [debug] [Thread-2 (]: On model.ecommerce_lakehouse.stg_order_items: /* {"app": "dbt", "dbt_version": "1.12.5", "profile_name": "ecommerce_dw_profile", "target_name": "dev", "node_id": "model.ecommerce_lakehouse.stg_order_items"} */

  create view "ecommerce_dw"."gold"."stg_order_items__dbt_tmp"
    
    
  as (
    with source as (
    select * from "ecommerce_dw"."public"."silver_order_items"
)

select
    order_id,
    order_item_id,
    product_id,
    seller_id,
    price,
    freight_value,
    total_item_value
from source
  );
[0m23:57:19.380367 [debug] [Thread-1 (]: Opening a new connection, currently in state init
[0m23:57:19.380367 [debug] [Thread-3 (]: On model.ecommerce_lakehouse.stg_orders: /* {"app": "dbt", "dbt_version": "1.12.5", "profile_name": "ecommerce_dw_profile", "target_name": "dev", "node_id": "model.ecommerce_lakehouse.stg_orders"} */

  create view "ecommerce_dw"."gold"."stg_orders__dbt_tmp"
    
    
  as (
    with source as (
    select * from "ecommerce_dw"."public"."silver_orders"
)

select
    order_id,
    customer_id,
    order_status,
    order_purchase_timestamp,
    order_approved_at,
    order_delivered_customer_date,
    order_estimated_delivery_date,
    actual_delivery_days,
    is_delayed
from source
  );
[0m23:57:19.380367 [debug] [Thread-4 (]: Opening a new connection, currently in state init
[0m23:57:19.380367 [debug] [Thread-2 (]: Opening a new connection, currently in state init
[0m23:57:19.397376 [debug] [Thread-3 (]: Opening a new connection, currently in state init
[0m23:57:19.428214 [debug] [Thread-1 (]: SQL status: CREATE VIEW in 0.040 seconds
[0m23:57:19.428214 [debug] [Thread-2 (]: SQL status: CREATE VIEW in 0.039 seconds
[0m23:57:19.428214 [debug] [Thread-3 (]: SQL status: CREATE VIEW in 0.038 seconds
[0m23:57:19.428214 [debug] [Thread-1 (]: Using postgres connection "model.ecommerce_lakehouse.stg_customers"
[0m23:57:19.428214 [debug] [Thread-4 (]: SQL status: CREATE VIEW in 0.048 seconds
[0m23:57:19.444102 [debug] [Thread-2 (]: Using postgres connection "model.ecommerce_lakehouse.stg_order_items"
[0m23:57:19.444102 [debug] [Thread-3 (]: Using postgres connection "model.ecommerce_lakehouse.stg_orders"
[0m23:57:19.444102 [debug] [Thread-1 (]: On model.ecommerce_lakehouse.stg_customers: /* {"app": "dbt", "dbt_version": "1.12.5", "profile_name": "ecommerce_dw_profile", "target_name": "dev", "node_id": "model.ecommerce_lakehouse.stg_customers"} */
alter table "ecommerce_dw"."gold"."stg_customers" rename to "stg_customers__dbt_backup"
[0m23:57:19.444102 [debug] [Thread-4 (]: Using postgres connection "model.ecommerce_lakehouse.stg_products"
[0m23:57:19.444102 [debug] [Thread-2 (]: On model.ecommerce_lakehouse.stg_order_items: /* {"app": "dbt", "dbt_version": "1.12.5", "profile_name": "ecommerce_dw_profile", "target_name": "dev", "node_id": "model.ecommerce_lakehouse.stg_order_items"} */
alter table "ecommerce_dw"."gold"."stg_order_items" rename to "stg_order_items__dbt_backup"
[0m23:57:19.444102 [debug] [Thread-3 (]: On model.ecommerce_lakehouse.stg_orders: /* {"app": "dbt", "dbt_version": "1.12.5", "profile_name": "ecommerce_dw_profile", "target_name": "dev", "node_id": "model.ecommerce_lakehouse.stg_orders"} */
alter table "ecommerce_dw"."gold"."stg_orders" rename to "stg_orders__dbt_backup"
[0m23:57:19.444102 [debug] [Thread-4 (]: On model.ecommerce_lakehouse.stg_products: /* {"app": "dbt", "dbt_version": "1.12.5", "profile_name": "ecommerce_dw_profile", "target_name": "dev", "node_id": "model.ecommerce_lakehouse.stg_products"} */
alter table "ecommerce_dw"."gold"."stg_products" rename to "stg_products__dbt_backup"
[0m23:57:19.444102 [debug] [Thread-1 (]: SQL status: ALTER TABLE in 0.002 seconds
[0m23:57:19.444102 [debug] [Thread-2 (]: SQL status: ALTER TABLE in 0.002 seconds
[0m23:57:19.458909 [debug] [Thread-3 (]: SQL status: ALTER TABLE in 0.002 seconds
[0m23:57:19.459921 [debug] [Thread-1 (]: Using postgres connection "model.ecommerce_lakehouse.stg_customers"
[0m23:57:19.459921 [debug] [Thread-4 (]: SQL status: ALTER TABLE in 0.004 seconds
[0m23:57:19.459921 [debug] [Thread-2 (]: Using postgres connection "model.ecommerce_lakehouse.stg_order_items"
[0m23:57:19.459921 [debug] [Thread-3 (]: Using postgres connection "model.ecommerce_lakehouse.stg_orders"
[0m23:57:19.459921 [debug] [Thread-1 (]: On model.ecommerce_lakehouse.stg_customers: /* {"app": "dbt", "dbt_version": "1.12.5", "profile_name": "ecommerce_dw_profile", "target_name": "dev", "node_id": "model.ecommerce_lakehouse.stg_customers"} */
alter table "ecommerce_dw"."gold"."stg_customers__dbt_tmp" rename to "stg_customers"
[0m23:57:19.459921 [debug] [Thread-4 (]: Using postgres connection "model.ecommerce_lakehouse.stg_products"
[0m23:57:19.459921 [debug] [Thread-2 (]: On model.ecommerce_lakehouse.stg_order_items: /* {"app": "dbt", "dbt_version": "1.12.5", "profile_name": "ecommerce_dw_profile", "target_name": "dev", "node_id": "model.ecommerce_lakehouse.stg_order_items"} */
alter table "ecommerce_dw"."gold"."stg_order_items__dbt_tmp" rename to "stg_order_items"
[0m23:57:19.459921 [debug] [Thread-3 (]: On model.ecommerce_lakehouse.stg_orders: /* {"app": "dbt", "dbt_version": "1.12.5", "profile_name": "ecommerce_dw_profile", "target_name": "dev", "node_id": "model.ecommerce_lakehouse.stg_orders"} */
alter table "ecommerce_dw"."gold"."stg_orders__dbt_tmp" rename to "stg_orders"
[0m23:57:19.459921 [debug] [Thread-4 (]: On model.ecommerce_lakehouse.stg_products: /* {"app": "dbt", "dbt_version": "1.12.5", "profile_name": "ecommerce_dw_profile", "target_name": "dev", "node_id": "model.ecommerce_lakehouse.stg_products"} */
alter table "ecommerce_dw"."gold"."stg_products__dbt_tmp" rename to "stg_products"
[0m23:57:19.475766 [debug] [Thread-1 (]: SQL status: ALTER TABLE in 0.002 seconds
[0m23:57:19.475766 [debug] [Thread-2 (]: SQL status: ALTER TABLE in 0.002 seconds
[0m23:57:19.475766 [debug] [Thread-3 (]: SQL status: ALTER TABLE in 0.002 seconds
[0m23:57:19.504482 [debug] [Thread-1 (]: On model.ecommerce_lakehouse.stg_customers: COMMIT
[0m23:57:19.504482 [debug] [Thread-4 (]: SQL status: ALTER TABLE in 0.027 seconds
[0m23:57:19.507495 [debug] [Thread-2 (]: On model.ecommerce_lakehouse.stg_order_items: COMMIT
[0m23:57:19.507495 [debug] [Thread-3 (]: On model.ecommerce_lakehouse.stg_orders: COMMIT
[0m23:57:19.507495 [debug] [Thread-1 (]: Using postgres connection "model.ecommerce_lakehouse.stg_customers"
[0m23:57:19.514742 [debug] [Thread-4 (]: On model.ecommerce_lakehouse.stg_products: COMMIT
[0m23:57:19.514742 [debug] [Thread-2 (]: Using postgres connection "model.ecommerce_lakehouse.stg_order_items"
[0m23:57:19.516750 [debug] [Thread-3 (]: Using postgres connection "model.ecommerce_lakehouse.stg_orders"
[0m23:57:19.516750 [debug] [Thread-1 (]: On model.ecommerce_lakehouse.stg_customers: COMMIT
[0m23:57:19.516750 [debug] [Thread-4 (]: Using postgres connection "model.ecommerce_lakehouse.stg_products"
[0m23:57:19.516750 [debug] [Thread-2 (]: On model.ecommerce_lakehouse.stg_order_items: COMMIT
[0m23:57:19.516750 [debug] [Thread-3 (]: On model.ecommerce_lakehouse.stg_orders: COMMIT
[0m23:57:19.516750 [debug] [Thread-4 (]: On model.ecommerce_lakehouse.stg_products: COMMIT
[0m23:57:19.523402 [debug] [Thread-1 (]: SQL status: COMMIT in 0.005 seconds
[0m23:57:19.523402 [debug] [Thread-1 (]: Applying DROP to: "ecommerce_dw"."gold"."stg_customers__dbt_backup"
[0m23:57:19.523402 [debug] [Thread-4 (]: SQL status: COMMIT in 0.011 seconds
[0m23:57:19.523402 [debug] [Thread-2 (]: SQL status: COMMIT in 0.013 seconds
[0m23:57:19.523402 [debug] [Thread-3 (]: SQL status: COMMIT in 0.013 seconds
[0m23:57:19.539170 [debug] [Thread-1 (]: Using postgres connection "model.ecommerce_lakehouse.stg_customers"
[0m23:57:19.539170 [debug] [Thread-4 (]: Applying DROP to: "ecommerce_dw"."gold"."stg_products__dbt_backup"
[0m23:57:19.539170 [debug] [Thread-2 (]: Applying DROP to: "ecommerce_dw"."gold"."stg_order_items__dbt_backup"
[0m23:57:19.539170 [debug] [Thread-3 (]: Applying DROP to: "ecommerce_dw"."gold"."stg_orders__dbt_backup"
[0m23:57:19.539170 [debug] [Thread-1 (]: On model.ecommerce_lakehouse.stg_customers: /* {"app": "dbt", "dbt_version": "1.12.5", "profile_name": "ecommerce_dw_profile", "target_name": "dev", "node_id": "model.ecommerce_lakehouse.stg_customers"} */
drop view if exists "ecommerce_dw"."gold"."stg_customers__dbt_backup" cascade
[0m23:57:19.539170 [debug] [Thread-4 (]: Using postgres connection "model.ecommerce_lakehouse.stg_products"
[0m23:57:19.539170 [debug] [Thread-2 (]: Using postgres connection "model.ecommerce_lakehouse.stg_order_items"
[0m23:57:19.539170 [debug] [Thread-3 (]: Using postgres connection "model.ecommerce_lakehouse.stg_orders"
[0m23:57:19.554907 [debug] [Thread-4 (]: On model.ecommerce_lakehouse.stg_products: /* {"app": "dbt", "dbt_version": "1.12.5", "profile_name": "ecommerce_dw_profile", "target_name": "dev", "node_id": "model.ecommerce_lakehouse.stg_products"} */
drop view if exists "ecommerce_dw"."gold"."stg_products__dbt_backup" cascade
[0m23:57:19.554907 [debug] [Thread-2 (]: On model.ecommerce_lakehouse.stg_order_items: /* {"app": "dbt", "dbt_version": "1.12.5", "profile_name": "ecommerce_dw_profile", "target_name": "dev", "node_id": "model.ecommerce_lakehouse.stg_order_items"} */
drop view if exists "ecommerce_dw"."gold"."stg_order_items__dbt_backup" cascade
[0m23:57:19.556777 [debug] [Thread-3 (]: On model.ecommerce_lakehouse.stg_orders: /* {"app": "dbt", "dbt_version": "1.12.5", "profile_name": "ecommerce_dw_profile", "target_name": "dev", "node_id": "model.ecommerce_lakehouse.stg_orders"} */
drop view if exists "ecommerce_dw"."gold"."stg_orders__dbt_backup" cascade
[0m23:57:19.556777 [debug] [Thread-4 (]: SQL status: DROP VIEW in 0.006 seconds
[0m23:57:19.556777 [debug] [Thread-4 (]: On model.ecommerce_lakehouse.stg_products: Close
[0m23:57:19.556777 [debug] [Thread-2 (]: SQL status: DROP VIEW in 0.010 seconds
[0m23:57:19.556777 [debug] [Thread-1 (]: SQL status: DROP VIEW in 0.014 seconds
[0m23:57:19.556777 [debug] [Thread-3 (]: SQL status: DROP VIEW in 0.011 seconds
[0m23:57:19.570625 [debug] [Thread-2 (]: On model.ecommerce_lakehouse.stg_order_items: Close
[0m23:57:19.570625 [debug] [Thread-1 (]: On model.ecommerce_lakehouse.stg_customers: Close
[0m23:57:19.570625 [debug] [Thread-4 (]: Sending event: {'category': 'dbt', 'action': 'run_model', 'label': '19843baa-6bdf-42ac-8f28-cfb8f9bdbcde', 'context': [<snowplow_tracker.self_describing_json.SelfDescribingJson object at 0x00000234F5763F10>]}
[0m23:57:19.570625 [debug] [Thread-3 (]: On model.ecommerce_lakehouse.stg_orders: Close
[0m23:57:19.570625 [debug] [Thread-2 (]: Sending event: {'category': 'dbt', 'action': 'run_model', 'label': '19843baa-6bdf-42ac-8f28-cfb8f9bdbcde', 'context': [<snowplow_tracker.self_describing_json.SelfDescribingJson object at 0x00000234F52777D0>]}
[0m23:57:19.570625 [debug] [Thread-1 (]: Sending event: {'category': 'dbt', 'action': 'run_model', 'label': '19843baa-6bdf-42ac-8f28-cfb8f9bdbcde', 'context': [<snowplow_tracker.self_describing_json.SelfDescribingJson object at 0x00000234F524F310>]}
[0m23:57:19.570625 [info ] [Thread-4 (]: 4 of 7 OK created sql view model gold.stg_products ............................. [[32mCREATE VIEW[0m in 0.26s]
[0m23:57:19.570625 [debug] [Thread-3 (]: Sending event: {'category': 'dbt', 'action': 'run_model', 'label': '19843baa-6bdf-42ac-8f28-cfb8f9bdbcde', 'context': [<snowplow_tracker.self_describing_json.SelfDescribingJson object at 0x00000234F529E790>]}
[0m23:57:19.570625 [info ] [Thread-2 (]: 2 of 7 OK created sql view model gold.stg_order_items .......................... [[32mCREATE VIEW[0m in 0.27s]
[0m23:57:19.586261 [info ] [Thread-1 (]: 1 of 7 OK created sql view model gold.stg_customers ............................ [[32mCREATE VIEW[0m in 0.27s]
[0m23:57:19.586261 [debug] [Thread-4 (]: Finished running node model.ecommerce_lakehouse.stg_products
[0m23:57:19.586261 [info ] [Thread-3 (]: 3 of 7 OK created sql view model gold.stg_orders ............................... [[32mCREATE VIEW[0m in 0.27s]
[0m23:57:19.586261 [debug] [Thread-2 (]: Finished running node model.ecommerce_lakehouse.stg_order_items
[0m23:57:19.586261 [debug] [Thread-1 (]: Finished running node model.ecommerce_lakehouse.stg_customers
[0m23:57:19.586261 [debug] [Thread-4 (]: Began running node model.ecommerce_lakehouse.dim_products
[0m23:57:19.586261 [debug] [Thread-3 (]: Finished running node model.ecommerce_lakehouse.stg_orders
[0m23:57:19.586261 [info ] [Thread-4 (]: 5 of 7 START sql table model gold.dim_products ................................. [RUN]
[0m23:57:19.586261 [debug] [Thread-2 (]: Began running node model.ecommerce_lakehouse.dim_customers
[0m23:57:19.586261 [debug] [Thread-1 (]: Began running node model.ecommerce_lakehouse.fct_orders
[0m23:57:19.586261 [debug] [Thread-4 (]: Re-using an available connection from the pool (formerly model.ecommerce_lakehouse.stg_products, now model.ecommerce_lakehouse.dim_products)
[0m23:57:19.586261 [info ] [Thread-2 (]: 6 of 7 START sql table model gold.dim_customers ................................ [RUN]
[0m23:57:19.586261 [info ] [Thread-1 (]: 7 of 7 START sql table model gold.fct_orders ................................... [RUN]
[0m23:57:19.586261 [debug] [Thread-4 (]: Began compiling node model.ecommerce_lakehouse.dim_products
[0m23:57:19.586261 [debug] [Thread-2 (]: Re-using an available connection from the pool (formerly model.ecommerce_lakehouse.stg_order_items, now model.ecommerce_lakehouse.dim_customers)
[0m23:57:19.586261 [debug] [Thread-1 (]: Re-using an available connection from the pool (formerly model.ecommerce_lakehouse.stg_customers, now model.ecommerce_lakehouse.fct_orders)
[0m23:57:19.602167 [debug] [Thread-4 (]: Writing injected SQL for node "model.ecommerce_lakehouse.dim_products"
[0m23:57:19.602167 [debug] [Thread-2 (]: Began compiling node model.ecommerce_lakehouse.dim_customers
[0m23:57:19.602167 [debug] [Thread-1 (]: Began compiling node model.ecommerce_lakehouse.fct_orders
[0m23:57:19.602167 [debug] [Thread-2 (]: Writing injected SQL for node "model.ecommerce_lakehouse.dim_customers"
[0m23:57:19.602167 [debug] [Thread-4 (]: Began executing node model.ecommerce_lakehouse.dim_products
[0m23:57:19.610390 [debug] [Thread-1 (]: Writing injected SQL for node "model.ecommerce_lakehouse.fct_orders"
[0m23:57:19.634105 [debug] [Thread-4 (]: Writing runtime sql for node "model.ecommerce_lakehouse.dim_products"
[0m23:57:19.634105 [debug] [Thread-2 (]: Began executing node model.ecommerce_lakehouse.dim_customers
[0m23:57:19.645515 [debug] [Thread-2 (]: Writing runtime sql for node "model.ecommerce_lakehouse.dim_customers"
[0m23:57:19.647523 [debug] [Thread-1 (]: Began executing node model.ecommerce_lakehouse.fct_orders
[0m23:57:19.647523 [debug] [Thread-4 (]: Using postgres connection "model.ecommerce_lakehouse.dim_products"
[0m23:57:19.649746 [debug] [Thread-1 (]: Writing runtime sql for node "model.ecommerce_lakehouse.fct_orders"
[0m23:57:19.649746 [debug] [Thread-4 (]: On model.ecommerce_lakehouse.dim_products: /* {"app": "dbt", "dbt_version": "1.12.5", "profile_name": "ecommerce_dw_profile", "target_name": "dev", "node_id": "model.ecommerce_lakehouse.dim_products"} */

  
    

  create  table "ecommerce_dw"."gold"."dim_products__dbt_tmp"
  
  
    as
  
  (
    with products as (
    select * from "ecommerce_dw"."gold"."stg_products"
)

select
    product_id,
    product_category_name,
    product_weight_g
from products
  );
  
[0m23:57:19.649746 [debug] [Thread-2 (]: Using postgres connection "model.ecommerce_lakehouse.dim_customers"
[0m23:57:19.649746 [debug] [Thread-4 (]: Opening a new connection, currently in state closed
[0m23:57:19.649746 [debug] [Thread-2 (]: On model.ecommerce_lakehouse.dim_customers: /* {"app": "dbt", "dbt_version": "1.12.5", "profile_name": "ecommerce_dw_profile", "target_name": "dev", "node_id": "model.ecommerce_lakehouse.dim_customers"} */

  
    

  create  table "ecommerce_dw"."gold"."dim_customers__dbt_tmp"
  
  
    as
  
  (
    with customers as (
    select * from "ecommerce_dw"."gold"."stg_customers"
),

orders as (
    select * from "ecommerce_dw"."gold"."stg_orders"
),

customer_orders_summary as (
    select
        customer_id,
        count(order_id) as total_orders,
        min(order_purchase_timestamp) as first_order_date,
        max(order_purchase_timestamp) as last_order_date
    from orders
    group by customer_id
)

select
    c.customer_id,
    c.customer_unique_id,
    c.customer_city,
    c.customer_state,
    coalesce(s.total_orders, 0) as total_orders,
    s.first_order_date,
    s.last_order_date
from customers c
left join customer_orders_summary s on c.customer_id = s.customer_id
  );
  
[0m23:57:19.649746 [debug] [Thread-1 (]: Using postgres connection "model.ecommerce_lakehouse.fct_orders"
[0m23:57:19.649746 [debug] [Thread-2 (]: Opening a new connection, currently in state closed
[0m23:57:19.649746 [debug] [Thread-1 (]: On model.ecommerce_lakehouse.fct_orders: /* {"app": "dbt", "dbt_version": "1.12.5", "profile_name": "ecommerce_dw_profile", "target_name": "dev", "node_id": "model.ecommerce_lakehouse.fct_orders"} */

  
    

  create  table "ecommerce_dw"."gold"."fct_orders__dbt_tmp"
  
  
    as
  
  (
    with orders as (
    select * from "ecommerce_dw"."gold"."stg_orders"
),

items as (
    select
        order_id,
        count(order_item_id) as total_items_count,
        sum(price) as total_order_amount,
        sum(freight_value) as total_freight_amount,
        sum(total_item_value) as total_order_value
    from "ecommerce_dw"."gold"."stg_order_items"
    group by order_id
)

select
    o.order_id,
    o.customer_id,
    o.order_status,
    o.order_purchase_timestamp,
    o.order_delivered_customer_date,
    o.order_estimated_delivery_date,
    o.actual_delivery_days,
    o.is_delayed,
    coalesce(i.total_items_count, 0) as total_items_count,
    coalesce(i.total_order_amount, 0) as total_order_amount,
    coalesce(i.total_freight_amount, 0) as total_freight_amount,
    coalesce(i.total_order_value, 0) as total_order_value
from orders o
left join items i on o.order_id = i.order_id
  );
  
[0m23:57:19.649746 [debug] [Thread-1 (]: Opening a new connection, currently in state closed
[0m23:57:20.188543 [debug] [Thread-4 (]: SQL status: SELECT 98853 in 0.532 seconds
[0m23:57:20.198981 [debug] [Thread-4 (]: Using postgres connection "model.ecommerce_lakehouse.dim_products"
[0m23:57:20.200492 [debug] [Thread-4 (]: On model.ecommerce_lakehouse.dim_products: /* {"app": "dbt", "dbt_version": "1.12.5", "profile_name": "ecommerce_dw_profile", "target_name": "dev", "node_id": "model.ecommerce_lakehouse.dim_products"} */
alter table "ecommerce_dw"."gold"."dim_products" rename to "dim_products__dbt_backup"
[0m23:57:20.202509 [debug] [Thread-4 (]: SQL status: ALTER TABLE in 0.002 seconds
[0m23:57:20.206422 [debug] [Thread-4 (]: Using postgres connection "model.ecommerce_lakehouse.dim_products"
[0m23:57:20.208435 [debug] [Thread-4 (]: On model.ecommerce_lakehouse.dim_products: /* {"app": "dbt", "dbt_version": "1.12.5", "profile_name": "ecommerce_dw_profile", "target_name": "dev", "node_id": "model.ecommerce_lakehouse.dim_products"} */
alter table "ecommerce_dw"."gold"."dim_products__dbt_tmp" rename to "dim_products"
[0m23:57:20.210450 [debug] [Thread-4 (]: SQL status: ALTER TABLE in 0.002 seconds
[0m23:57:20.215494 [debug] [Thread-4 (]: On model.ecommerce_lakehouse.dim_products: COMMIT
[0m23:57:20.216515 [debug] [Thread-4 (]: Using postgres connection "model.ecommerce_lakehouse.dim_products"
[0m23:57:20.216515 [debug] [Thread-4 (]: On model.ecommerce_lakehouse.dim_products: COMMIT
[0m23:57:20.307601 [debug] [Thread-4 (]: SQL status: COMMIT in 0.092 seconds
[0m23:57:20.316578 [debug] [Thread-4 (]: Applying DROP to: "ecommerce_dw"."gold"."dim_products__dbt_backup"
[0m23:57:20.322606 [debug] [Thread-4 (]: Using postgres connection "model.ecommerce_lakehouse.dim_products"
[0m23:57:20.324617 [debug] [Thread-4 (]: On model.ecommerce_lakehouse.dim_products: /* {"app": "dbt", "dbt_version": "1.12.5", "profile_name": "ecommerce_dw_profile", "target_name": "dev", "node_id": "model.ecommerce_lakehouse.dim_products"} */
drop table if exists "ecommerce_dw"."gold"."dim_products__dbt_backup" cascade
[0m23:57:20.327200 [debug] [Thread-4 (]: SQL status: DROP TABLE in 0.006 seconds
[0m23:57:20.334944 [debug] [Thread-4 (]: On model.ecommerce_lakehouse.dim_products: Close
[0m23:57:20.338788 [debug] [Thread-4 (]: Sending event: {'category': 'dbt', 'action': 'run_model', 'label': '19843baa-6bdf-42ac-8f28-cfb8f9bdbcde', 'context': [<snowplow_tracker.self_describing_json.SelfDescribingJson object at 0x00000234F5292690>]}
[0m23:57:20.338788 [info ] [Thread-4 (]: 5 of 7 OK created sql table model gold.dim_products ............................ [[32mSELECT 98853[0m in 0.75s]
[0m23:57:20.343314 [debug] [Thread-4 (]: Finished running node model.ecommerce_lakehouse.dim_products
[0m23:57:23.591248 [debug] [Thread-2 (]: SQL status: SELECT 298323 in 3.933 seconds
[0m23:57:23.597199 [debug] [Thread-2 (]: Using postgres connection "model.ecommerce_lakehouse.dim_customers"
[0m23:57:23.598719 [debug] [Thread-2 (]: On model.ecommerce_lakehouse.dim_customers: /* {"app": "dbt", "dbt_version": "1.12.5", "profile_name": "ecommerce_dw_profile", "target_name": "dev", "node_id": "model.ecommerce_lakehouse.dim_customers"} */
alter table "ecommerce_dw"."gold"."dim_customers" rename to "dim_customers__dbt_backup"
[0m23:57:23.600737 [debug] [Thread-2 (]: SQL status: ALTER TABLE in 0.002 seconds
[0m23:57:23.604773 [debug] [Thread-2 (]: Using postgres connection "model.ecommerce_lakehouse.dim_customers"
[0m23:57:23.606793 [debug] [Thread-2 (]: On model.ecommerce_lakehouse.dim_customers: /* {"app": "dbt", "dbt_version": "1.12.5", "profile_name": "ecommerce_dw_profile", "target_name": "dev", "node_id": "model.ecommerce_lakehouse.dim_customers"} */
alter table "ecommerce_dw"."gold"."dim_customers__dbt_tmp" rename to "dim_customers"
[0m23:57:23.609952 [debug] [Thread-2 (]: SQL status: ALTER TABLE in 0.002 seconds
[0m23:57:23.609952 [debug] [Thread-2 (]: On model.ecommerce_lakehouse.dim_customers: COMMIT
[0m23:57:23.614324 [debug] [Thread-2 (]: Using postgres connection "model.ecommerce_lakehouse.dim_customers"
[0m23:57:23.614324 [debug] [Thread-2 (]: On model.ecommerce_lakehouse.dim_customers: COMMIT
[0m23:57:24.517227 [debug] [Thread-2 (]: SQL status: COMMIT in 0.911 seconds
[0m23:57:24.517227 [debug] [Thread-2 (]: Applying DROP to: "ecommerce_dw"."gold"."dim_customers__dbt_backup"
[0m23:57:24.532995 [debug] [Thread-2 (]: Using postgres connection "model.ecommerce_lakehouse.dim_customers"
[0m23:57:24.532995 [debug] [Thread-2 (]: On model.ecommerce_lakehouse.dim_customers: /* {"app": "dbt", "dbt_version": "1.12.5", "profile_name": "ecommerce_dw_profile", "target_name": "dev", "node_id": "model.ecommerce_lakehouse.dim_customers"} */
drop table if exists "ecommerce_dw"."gold"."dim_customers__dbt_backup" cascade
[0m23:57:24.628379 [debug] [Thread-2 (]: SQL status: DROP TABLE in 0.097 seconds
[0m23:57:24.636283 [debug] [Thread-2 (]: On model.ecommerce_lakehouse.dim_customers: Close
[0m23:57:24.636283 [debug] [Thread-2 (]: Sending event: {'category': 'dbt', 'action': 'run_model', 'label': '19843baa-6bdf-42ac-8f28-cfb8f9bdbcde', 'context': [<snowplow_tracker.self_describing_json.SelfDescribingJson object at 0x00000234F4CF3990>]}
[0m23:57:24.638290 [info ] [Thread-2 (]: 6 of 7 OK created sql table model gold.dim_customers ........................... [[32mSELECT 298323[0m in 5.05s]
[0m23:57:24.640011 [debug] [Thread-2 (]: Finished running node model.ecommerce_lakehouse.dim_customers
[0m23:57:26.075514 [debug] [Thread-1 (]: SQL status: SELECT 298323 in 6.428 seconds
[0m23:57:26.092050 [debug] [Thread-1 (]: Using postgres connection "model.ecommerce_lakehouse.fct_orders"
[0m23:57:26.092050 [debug] [Thread-1 (]: On model.ecommerce_lakehouse.fct_orders: /* {"app": "dbt", "dbt_version": "1.12.5", "profile_name": "ecommerce_dw_profile", "target_name": "dev", "node_id": "model.ecommerce_lakehouse.fct_orders"} */
alter table "ecommerce_dw"."gold"."fct_orders" rename to "fct_orders__dbt_backup"
[0m23:57:26.092050 [debug] [Thread-1 (]: SQL status: ALTER TABLE in 0.001 seconds
[0m23:57:26.092050 [debug] [Thread-1 (]: Using postgres connection "model.ecommerce_lakehouse.fct_orders"
[0m23:57:26.092050 [debug] [Thread-1 (]: On model.ecommerce_lakehouse.fct_orders: /* {"app": "dbt", "dbt_version": "1.12.5", "profile_name": "ecommerce_dw_profile", "target_name": "dev", "node_id": "model.ecommerce_lakehouse.fct_orders"} */
alter table "ecommerce_dw"."gold"."fct_orders__dbt_tmp" rename to "fct_orders"
[0m23:57:26.092050 [debug] [Thread-1 (]: SQL status: ALTER TABLE in 0.001 seconds
[0m23:57:26.092050 [debug] [Thread-1 (]: On model.ecommerce_lakehouse.fct_orders: COMMIT
[0m23:57:26.092050 [debug] [Thread-1 (]: Using postgres connection "model.ecommerce_lakehouse.fct_orders"
[0m23:57:26.092050 [debug] [Thread-1 (]: On model.ecommerce_lakehouse.fct_orders: COMMIT
[0m23:57:26.761018 [debug] [Thread-1 (]: SQL status: COMMIT in 0.658 seconds
[0m23:57:26.771356 [debug] [Thread-1 (]: Applying DROP to: "ecommerce_dw"."gold"."fct_orders__dbt_backup"
[0m23:57:26.775394 [debug] [Thread-1 (]: Using postgres connection "model.ecommerce_lakehouse.fct_orders"
[0m23:57:26.777154 [debug] [Thread-1 (]: On model.ecommerce_lakehouse.fct_orders: /* {"app": "dbt", "dbt_version": "1.12.5", "profile_name": "ecommerce_dw_profile", "target_name": "dev", "node_id": "model.ecommerce_lakehouse.fct_orders"} */
drop table if exists "ecommerce_dw"."gold"."fct_orders__dbt_backup" cascade
[0m23:57:26.779165 [debug] [Thread-1 (]: SQL status: DROP TABLE in 0.007 seconds
[0m23:57:26.779165 [debug] [Thread-1 (]: On model.ecommerce_lakehouse.fct_orders: Close
[0m23:57:26.779165 [debug] [Thread-1 (]: Sending event: {'category': 'dbt', 'action': 'run_model', 'label': '19843baa-6bdf-42ac-8f28-cfb8f9bdbcde', 'context': [<snowplow_tracker.self_describing_json.SelfDescribingJson object at 0x00000234F524EDD0>]}
[0m23:57:26.792805 [info ] [Thread-1 (]: 7 of 7 OK created sql table model gold.fct_orders .............................. [[32mSELECT 298323[0m in 7.19s]
[0m23:57:26.795030 [debug] [Thread-1 (]: Finished running node model.ecommerce_lakehouse.fct_orders
[0m23:57:26.795030 [debug] [MainThread]: On master: COMMIT
[0m23:57:26.795030 [debug] [MainThread]: Using postgres connection "master"
[0m23:57:26.801597 [debug] [MainThread]: On master: COMMIT
[0m23:57:26.801597 [debug] [MainThread]: Opening a new connection, currently in state closed
[0m23:57:26.828215 [debug] [MainThread]: SQL status: COMMIT in 0.026 seconds
[0m23:57:26.830223 [debug] [MainThread]: On master: Close
[0m23:57:26.830223 [debug] [MainThread]: Connection 'master' was properly closed.
[0m23:57:26.830223 [debug] [MainThread]: Connection 'list_ecommerce_dw' was properly closed.
[0m23:57:26.830223 [debug] [MainThread]: Connection 'list_ecommerce_dw_gold' was properly closed.
[0m23:57:26.834260 [debug] [MainThread]: Connection 'model.ecommerce_lakehouse.fct_orders' was properly closed.
[0m23:57:26.834260 [debug] [MainThread]: Connection 'model.ecommerce_lakehouse.dim_customers' was properly closed.
[0m23:57:26.834260 [debug] [MainThread]: Connection 'model.ecommerce_lakehouse.stg_orders' was properly closed.
[0m23:57:26.834260 [debug] [MainThread]: Connection 'model.ecommerce_lakehouse.dim_products' was properly closed.
[0m23:57:26.834260 [info ] [MainThread]: 
[0m23:57:26.834260 [info ] [MainThread]: Finished running 3 table models, 4 view models in 0 hours 0 minutes and 11.19 seconds (11.19s).
[0m23:57:26.842518 [debug] [MainThread]: Command end result
[0m23:57:26.888234 [debug] [MainThread]: Wrote artifact WritableManifest to C:\Users\AH Info\Desktop\PROJECT_BI\modern-lakehouse-ecommerce\dbt_project\target\manifest.json
[0m23:57:26.903937 [debug] [MainThread]: Wrote artifact SemanticManifest to C:\Users\AH Info\Desktop\PROJECT_BI\modern-lakehouse-ecommerce\dbt_project\target\semantic_manifest.json
[0m23:57:26.903937 [debug] [MainThread]: Wrote artifact OsiDocument to C:\Users\AH Info\Desktop\PROJECT_BI\modern-lakehouse-ecommerce\dbt_project\target\osi_document.json
[0m23:57:26.919643 [debug] [MainThread]: Wrote artifact RunExecutionResult to C:\Users\AH Info\Desktop\PROJECT_BI\modern-lakehouse-ecommerce\dbt_project\target\run_results.json
[0m23:57:26.919643 [info ] [MainThread]: 
[0m23:57:26.919643 [info ] [MainThread]: [32mCompleted successfully[0m
[0m23:57:26.919643 [info ] [MainThread]: 
[0m23:57:26.919643 [info ] [MainThread]: Done. PASS=7 WARN=0 ERROR=0 SKIP=0 NO-OP=0 REUSED=0 TOTAL=7
[0m23:57:26.926003 [debug] [MainThread]: Command `dbt run` succeeded at 23:57:26.919643 after 15.23 seconds
[0m23:57:26.926003 [debug] [MainThread]: Sending event: {'category': 'dbt', 'action': 'invocation', 'label': 'end', 'context': [<snowplow_tracker.self_describing_json.SelfDescribingJson object at 0x00000234F470F3D0>, <snowplow_tracker.self_describing_json.SelfDescribingJson object at 0x00000234F46F3D50>, <snowplow_tracker.self_describing_json.SelfDescribingJson object at 0x00000234F3673650>]}
[0m23:57:26.926003 [debug] [MainThread]: Flushing usage events
[0m23:57:28.058587 [debug] [MainThread]: An error was encountered while trying to flush usage events
[0m23:57:32.201018 [debug] [MainThread]: Sending event: {'category': 'dbt', 'action': 'invocation', 'label': 'start', 'context': [<snowplow_tracker.self_describing_json.SelfDescribingJson object at 0x000001E5AE294510>, <snowplow_tracker.self_describing_json.SelfDescribingJson object at 0x000001E5A92BC990>, <snowplow_tracker.self_describing_json.SelfDescribingJson object at 0x000001E5AE2942D0>]}


============================== 23:57:32.201018 | 6e815810-ca7c-4ea3-bf1d-5446254ac4bb ==============================
[0m23:57:32.201018 [info ] [MainThread]: Running with dbt=1.12.5
[0m23:57:32.201018 [debug] [MainThread]: running dbt with arguments {'version_check': 'True', 'no_print': 'None', 'static_parser': 'True', 'target_path': 'None', 'warn_error_options': 'WarnErrorOptionsV2(error=[], warn=[], silence=[])', 'maximum_seed_size_mib': '1', 'printer_width': '80', 'write_json': 'True', 'empty': 'None', 'log_cache_events': 'False', 'introspect': 'True', 'cache_selected_only': 'False', 'log_format': 'default', 'debug': 'False', 'fail_fast': 'False', 'partial_parse': 'True', 'send_anonymous_usage_stats': 'True', 'quiet': 'False', 'warn_error': 'None', 'profiles_dir': '.', 'use_colors': 'True', 'hints_enabled': 'True', 'invocation_command': 'dbt test --profiles-dir .', 'use_experimental_parser': 'False', 'indirect_selection': 'eager', 'log_path': 'C:\\Users\\AH Info\\Desktop\\PROJECT_BI\\modern-lakehouse-ecommerce\\dbt_project\\logs'}
[0m23:57:32.536955 [debug] [MainThread]: Sending event: {'category': 'dbt', 'action': 'project_id', 'label': '6e815810-ca7c-4ea3-bf1d-5446254ac4bb', 'context': [<snowplow_tracker.self_describing_json.SelfDescribingJson object at 0x000001E5AE371AD0>]}
[0m23:57:32.662376 [debug] [MainThread]: Sending event: {'category': 'dbt', 'action': 'adapter_info', 'label': '6e815810-ca7c-4ea3-bf1d-5446254ac4bb', 'context': [<snowplow_tracker.self_describing_json.SelfDescribingJson object at 0x000001E5A92CF650>]}
[0m23:57:32.664385 [info ] [MainThread]: Registered adapter: postgres=1.11.0
[0m23:57:33.230741 [debug] [MainThread]: checksum: 47aa1655c51f4746ffe4c3e26485233df529fda9ea534f954c00dbdd96e28ce0, vars: {}, profile: ecommerce_dw_profile, target: dev, version: 1.12.5
[0m23:57:33.548149 [debug] [MainThread]: Partial parsing enabled: 0 files deleted, 0 files added, 0 files changed.
[0m23:57:33.549156 [debug] [MainThread]: Nothing changed, skipping partial parsing.
[0m23:57:33.551167 [debug] [MainThread]: Partial parsing enabled, no changes found, skipping parsing
[0m23:57:33.564949 [debug] [MainThread]: Sending event: {'category': 'dbt', 'action': 'load_project', 'label': '6e815810-ca7c-4ea3-bf1d-5446254ac4bb', 'context': [<snowplow_tracker.self_describing_json.SelfDescribingJson object at 0x000001E5AE9DBF10>]}
[0m23:57:33.819296 [debug] [MainThread]: Wrote artifact WritableManifest to C:\Users\AH Info\Desktop\PROJECT_BI\modern-lakehouse-ecommerce\dbt_project\target\manifest.json
[0m23:57:33.819296 [debug] [MainThread]: Wrote artifact SemanticManifest to C:\Users\AH Info\Desktop\PROJECT_BI\modern-lakehouse-ecommerce\dbt_project\target\semantic_manifest.json
[0m23:57:33.866656 [debug] [MainThread]: Wrote artifact OsiDocument to C:\Users\AH Info\Desktop\PROJECT_BI\modern-lakehouse-ecommerce\dbt_project\target\osi_document.json
[0m23:57:33.914337 [debug] [MainThread]: Sending event: {'category': 'dbt', 'action': 'resource_counts', 'label': '6e815810-ca7c-4ea3-bf1d-5446254ac4bb', 'context': [<snowplow_tracker.self_describing_json.SelfDescribingJson object at 0x000001E5AE817F50>]}
[0m23:57:33.914337 [info ] [MainThread]: Found 7 models, 8 data tests, 4 sources, 477 macros
[0m23:57:33.914337 [debug] [MainThread]: Sending event: {'category': 'dbt', 'action': 'runnable_timing', 'label': '6e815810-ca7c-4ea3-bf1d-5446254ac4bb', 'context': [<snowplow_tracker.self_describing_json.SelfDescribingJson object at 0x000001E5AE80F6D0>]}
[0m23:57:33.914337 [info ] [MainThread]: 
[0m23:57:33.914337 [info ] [MainThread]: Concurrency: 4 threads (target='dev')
[0m23:57:33.914337 [info ] [MainThread]: 
[0m23:57:33.914337 [debug] [MainThread]: Acquiring new postgres connection 'master'
[0m23:57:33.930169 [debug] [ThreadPool]: Acquiring new postgres connection 'list_ecommerce_dw_gold'
[0m23:57:34.056861 [debug] [ThreadPool]: Using postgres connection "list_ecommerce_dw_gold"
[0m23:57:34.072769 [debug] [ThreadPool]: On list_ecommerce_dw_gold: /* {"app": "dbt", "dbt_version": "1.12.5", "profile_name": "ecommerce_dw_profile", "target_name": "dev", "connection_name": "list_ecommerce_dw_gold"} */
select
      'ecommerce_dw' as database,
      tablename as name,
      schemaname as schema,
      'table' as type
    from pg_tables
    where schemaname ilike 'gold'
    union all
    select
      'ecommerce_dw' as database,
      viewname as name,
      schemaname as schema,
      'view' as type
    from pg_views
    where schemaname ilike 'gold'
    union all
    select
      'ecommerce_dw' as database,
      matviewname as name,
      schemaname as schema,
      'materialized_view' as type
    from pg_matviews
    where schemaname ilike 'gold'
    union all
    select distinct
     'ecommerce_dw' as database,
     proname as name,
     ns.nspname as schema,
     'function' as type
    from pg_proc
     join pg_namespace as ns on pronamespace = ns.oid
    where ns.nspname ilike 'gold'
  
[0m23:57:34.072769 [debug] [ThreadPool]: Opening a new connection, currently in state init
[0m23:57:34.123873 [debug] [ThreadPool]: SQL status: SELECT 9 in 0.052 seconds
[0m23:57:34.126891 [debug] [ThreadPool]: On list_ecommerce_dw_gold: ROLLBACK
[0m23:57:34.128901 [debug] [ThreadPool]: On list_ecommerce_dw_gold: Close
[0m23:57:34.135698 [debug] [MainThread]: Using postgres connection "master"
[0m23:57:34.135698 [debug] [MainThread]: On master: /* {"app": "dbt", "dbt_version": "1.12.5", "profile_name": "ecommerce_dw_profile", "target_name": "dev", "connection_name": "master"} */
select distinct
        dependent_namespace.nspname as dependent_schema,
        dependent_class.relname as dependent_name,
        referenced_namespace.nspname as referenced_schema,
        referenced_class.relname as referenced_name

    -- Query for views: views are entries in pg_class with an entry in pg_rewrite, but we avoid
    -- a seq scan on pg_rewrite by leveraging the fact there is an "internal" row in pg_depend for
    -- the view...
    from pg_class as dependent_class
    join pg_namespace as dependent_namespace on dependent_namespace.oid = dependent_class.relnamespace
    join pg_depend as dependent_depend on dependent_depend.refobjid = dependent_class.oid
        and dependent_depend.classid = 'pg_rewrite'::regclass
        and dependent_depend.refclassid = 'pg_class'::regclass
        and dependent_depend.deptype = 'i'

    -- ... and via pg_depend (that has a row per column, hence the need for "distinct" above, and
    -- making sure to exclude the internal row to avoid a view appearing to depend on itself)...
    join pg_depend as joining_depend on joining_depend.objid = dependent_depend.objid
        and joining_depend.classid = 'pg_rewrite'::regclass
        and joining_depend.refclassid = 'pg_class'::regclass
        and joining_depend.refobjid != dependent_depend.refobjid

    -- ... we can find the tables they query from in pg_class, but excluding system tables. Note we
    -- don't need need to exclude _dependent_ system tables, because they only query from other
    -- system tables, and so are automatically excluded by excluding _referenced_ system tables
    join pg_class as referenced_class on referenced_class.oid = joining_depend.refobjid
    join pg_namespace as referenced_namespace on referenced_namespace.oid = referenced_class.relnamespace
        and referenced_namespace.nspname != 'information_schema'
        and referenced_namespace.nspname not like 'pg\_%'

    order by
        dependent_schema, dependent_name, referenced_schema, referenced_name;
[0m23:57:34.135698 [debug] [MainThread]: Opening a new connection, currently in state init
[0m23:57:34.167153 [debug] [MainThread]: SQL status: SELECT 4 in 0.032 seconds
[0m23:57:34.167153 [debug] [MainThread]: Sending event: {'category': 'dbt', 'action': 'runnable_timing', 'label': '6e815810-ca7c-4ea3-bf1d-5446254ac4bb', 'context': [<snowplow_tracker.self_describing_json.SelfDescribingJson object at 0x000001E5AE9B1250>]}
[0m23:57:34.167153 [debug] [MainThread]: On master: ROLLBACK
[0m23:57:34.167153 [debug] [MainThread]: On master: COMMIT
[0m23:57:34.167153 [debug] [MainThread]: Using postgres connection "master"
[0m23:57:34.167153 [debug] [MainThread]: On master: COMMIT
[0m23:57:34.183281 [debug] [MainThread]: SQL status: COMMIT in 0.004 seconds
[0m23:57:34.183281 [debug] [MainThread]: On master: Close
[0m23:57:34.188957 [debug] [Thread-1 (]: Began running node test.ecommerce_lakehouse.not_null_dim_customers_customer_id.dd91cd1c8d
[0m23:57:34.188957 [debug] [Thread-2 (]: Began running node test.ecommerce_lakehouse.not_null_dim_products_product_id.c8aba288d1
[0m23:57:34.188957 [debug] [Thread-3 (]: Began running node test.ecommerce_lakehouse.not_null_fct_orders_customer_id.16fe324f7b
[0m23:57:34.188957 [debug] [Thread-4 (]: Began running node test.ecommerce_lakehouse.not_null_fct_orders_order_id.4e687af8d0
[0m23:57:34.188957 [info ] [Thread-1 (]: 1 of 8 START test not_null_dim_customers_customer_id ........................... [RUN]
[0m23:57:34.199048 [info ] [Thread-2 (]: 2 of 8 START test not_null_dim_products_product_id ............................. [RUN]
[0m23:57:34.199048 [info ] [Thread-3 (]: 3 of 8 START test not_null_fct_orders_customer_id .............................. [RUN]
[0m23:57:34.202682 [info ] [Thread-4 (]: 4 of 8 START test not_null_fct_orders_order_id ................................. [RUN]
[0m23:57:34.202682 [debug] [Thread-1 (]: Acquiring new postgres connection 'test.ecommerce_lakehouse.not_null_dim_customers_customer_id.dd91cd1c8d'
[0m23:57:34.202682 [debug] [Thread-2 (]: Acquiring new postgres connection 'test.ecommerce_lakehouse.not_null_dim_products_product_id.c8aba288d1'
[0m23:57:34.202682 [debug] [Thread-3 (]: Acquiring new postgres connection 'test.ecommerce_lakehouse.not_null_fct_orders_customer_id.16fe324f7b'
[0m23:57:34.202682 [debug] [Thread-4 (]: Acquiring new postgres connection 'test.ecommerce_lakehouse.not_null_fct_orders_order_id.4e687af8d0'
[0m23:57:34.211573 [debug] [Thread-1 (]: Began compiling node test.ecommerce_lakehouse.not_null_dim_customers_customer_id.dd91cd1c8d
[0m23:57:34.211573 [debug] [Thread-2 (]: Began compiling node test.ecommerce_lakehouse.not_null_dim_products_product_id.c8aba288d1
[0m23:57:34.213584 [debug] [Thread-3 (]: Began compiling node test.ecommerce_lakehouse.not_null_fct_orders_customer_id.16fe324f7b
[0m23:57:34.213584 [debug] [Thread-4 (]: Began compiling node test.ecommerce_lakehouse.not_null_fct_orders_order_id.4e687af8d0
[0m23:57:34.247374 [debug] [Thread-1 (]: Writing injected SQL for node "test.ecommerce_lakehouse.not_null_dim_customers_customer_id.dd91cd1c8d"
[0m23:57:34.263190 [debug] [Thread-2 (]: Writing injected SQL for node "test.ecommerce_lakehouse.not_null_dim_products_product_id.c8aba288d1"
[0m23:57:34.263190 [debug] [Thread-3 (]: Writing injected SQL for node "test.ecommerce_lakehouse.not_null_fct_orders_customer_id.16fe324f7b"
[0m23:57:34.284785 [debug] [Thread-4 (]: Writing injected SQL for node "test.ecommerce_lakehouse.not_null_fct_orders_order_id.4e687af8d0"
[0m23:57:34.284785 [debug] [Thread-1 (]: Began executing node test.ecommerce_lakehouse.not_null_dim_customers_customer_id.dd91cd1c8d
[0m23:57:34.284785 [debug] [Thread-2 (]: Began executing node test.ecommerce_lakehouse.not_null_dim_products_product_id.c8aba288d1
[0m23:57:34.294632 [debug] [Thread-3 (]: Began executing node test.ecommerce_lakehouse.not_null_fct_orders_customer_id.16fe324f7b
[0m23:57:34.310487 [debug] [Thread-1 (]: Writing runtime sql for node "test.ecommerce_lakehouse.not_null_dim_customers_customer_id.dd91cd1c8d"
[0m23:57:34.310487 [debug] [Thread-4 (]: Began executing node test.ecommerce_lakehouse.not_null_fct_orders_order_id.4e687af8d0
[0m23:57:34.310487 [debug] [Thread-2 (]: Writing runtime sql for node "test.ecommerce_lakehouse.not_null_dim_products_product_id.c8aba288d1"
[0m23:57:34.326162 [debug] [Thread-3 (]: Writing runtime sql for node "test.ecommerce_lakehouse.not_null_fct_orders_customer_id.16fe324f7b"
[0m23:57:34.326162 [debug] [Thread-4 (]: Writing runtime sql for node "test.ecommerce_lakehouse.not_null_fct_orders_order_id.4e687af8d0"
[0m23:57:34.326162 [debug] [Thread-1 (]: Using postgres connection "test.ecommerce_lakehouse.not_null_dim_customers_customer_id.dd91cd1c8d"
[0m23:57:34.326162 [debug] [Thread-2 (]: Using postgres connection "test.ecommerce_lakehouse.not_null_dim_products_product_id.c8aba288d1"
[0m23:57:34.326162 [debug] [Thread-3 (]: Using postgres connection "test.ecommerce_lakehouse.not_null_fct_orders_customer_id.16fe324f7b"
[0m23:57:34.326162 [debug] [Thread-1 (]: On test.ecommerce_lakehouse.not_null_dim_customers_customer_id.dd91cd1c8d: /* {"app": "dbt", "dbt_version": "1.12.5", "profile_name": "ecommerce_dw_profile", "target_name": "dev", "node_id": "test.ecommerce_lakehouse.not_null_dim_customers_customer_id.dd91cd1c8d"} */

    
    select
      count(*) as failures,
      count(*) != 0 as should_warn,
      count(*) != 0 as should_error
    from (
      
    
  
    
    



select customer_id
from "ecommerce_dw"."gold"."dim_customers"
where customer_id is null



  
  
      
    ) dbt_internal_test
[0m23:57:34.326162 [debug] [Thread-4 (]: Using postgres connection "test.ecommerce_lakehouse.not_null_fct_orders_order_id.4e687af8d0"
[0m23:57:34.326162 [debug] [Thread-2 (]: On test.ecommerce_lakehouse.not_null_dim_products_product_id.c8aba288d1: /* {"app": "dbt", "dbt_version": "1.12.5", "profile_name": "ecommerce_dw_profile", "target_name": "dev", "node_id": "test.ecommerce_lakehouse.not_null_dim_products_product_id.c8aba288d1"} */

    
    select
      count(*) as failures,
      count(*) != 0 as should_warn,
      count(*) != 0 as should_error
    from (
      
    
  
    
    



select product_id
from "ecommerce_dw"."gold"."dim_products"
where product_id is null



  
  
      
    ) dbt_internal_test
[0m23:57:34.326162 [debug] [Thread-3 (]: On test.ecommerce_lakehouse.not_null_fct_orders_customer_id.16fe324f7b: /* {"app": "dbt", "dbt_version": "1.12.5", "profile_name": "ecommerce_dw_profile", "target_name": "dev", "node_id": "test.ecommerce_lakehouse.not_null_fct_orders_customer_id.16fe324f7b"} */

    
    select
      count(*) as failures,
      count(*) != 0 as should_warn,
      count(*) != 0 as should_error
    from (
      
    
  
    
    



select customer_id
from "ecommerce_dw"."gold"."fct_orders"
where customer_id is null



  
  
      
    ) dbt_internal_test
[0m23:57:34.326162 [debug] [Thread-1 (]: Opening a new connection, currently in state init
[0m23:57:34.326162 [debug] [Thread-4 (]: On test.ecommerce_lakehouse.not_null_fct_orders_order_id.4e687af8d0: /* {"app": "dbt", "dbt_version": "1.12.5", "profile_name": "ecommerce_dw_profile", "target_name": "dev", "node_id": "test.ecommerce_lakehouse.not_null_fct_orders_order_id.4e687af8d0"} */

    
    select
      count(*) as failures,
      count(*) != 0 as should_warn,
      count(*) != 0 as should_error
    from (
      
    
  
    
    



select order_id
from "ecommerce_dw"."gold"."fct_orders"
where order_id is null



  
  
      
    ) dbt_internal_test
[0m23:57:34.326162 [debug] [Thread-2 (]: Opening a new connection, currently in state init
[0m23:57:34.341974 [debug] [Thread-3 (]: Opening a new connection, currently in state init
[0m23:57:34.341974 [debug] [Thread-4 (]: Opening a new connection, currently in state init
[0m23:57:34.400205 [debug] [Thread-2 (]: SQL status: SELECT 1 in 0.058 seconds
[0m23:57:34.414234 [debug] [Thread-2 (]: On test.ecommerce_lakehouse.not_null_dim_products_product_id.c8aba288d1: ROLLBACK
[0m23:57:34.418292 [debug] [Thread-2 (]: On test.ecommerce_lakehouse.not_null_dim_products_product_id.c8aba288d1: Close
[0m23:57:34.421265 [info ] [Thread-2 (]: 2 of 8 PASS not_null_dim_products_product_id ................................... [[32mPASS[0m in 0.22s]
[0m23:57:34.425830 [debug] [Thread-2 (]: Finished running node test.ecommerce_lakehouse.not_null_dim_products_product_id.c8aba288d1
[0m23:57:34.427348 [debug] [Thread-2 (]: Began running node test.ecommerce_lakehouse.relationships_fct_orders_customer_id__customer_id__ref_dim_customers_.d5636051d4
[0m23:57:34.429391 [info ] [Thread-2 (]: 5 of 8 START test relationships_fct_orders_customer_id__customer_id__ref_dim_customers_  [RUN]
[0m23:57:34.432489 [debug] [Thread-2 (]: Re-using an available connection from the pool (formerly test.ecommerce_lakehouse.not_null_dim_products_product_id.c8aba288d1, now test.ecommerce_lakehouse.relationships_fct_orders_customer_id__customer_id__ref_dim_customers_.d5636051d4)
[0m23:57:34.434530 [debug] [Thread-2 (]: Began compiling node test.ecommerce_lakehouse.relationships_fct_orders_customer_id__customer_id__ref_dim_customers_.d5636051d4
[0m23:57:34.452295 [debug] [Thread-1 (]: SQL status: SELECT 1 in 0.113 seconds
[0m23:57:34.467694 [debug] [Thread-2 (]: Writing injected SQL for node "test.ecommerce_lakehouse.relationships_fct_orders_customer_id__customer_id__ref_dim_customers_.d5636051d4"
[0m23:57:34.467694 [debug] [Thread-4 (]: SQL status: SELECT 1 in 0.137 seconds
[0m23:57:34.467694 [debug] [Thread-3 (]: SQL status: SELECT 1 in 0.139 seconds
[0m23:57:34.483694 [debug] [Thread-1 (]: On test.ecommerce_lakehouse.not_null_dim_customers_customer_id.dd91cd1c8d: ROLLBACK
[0m23:57:34.483694 [debug] [Thread-4 (]: On test.ecommerce_lakehouse.not_null_fct_orders_order_id.4e687af8d0: ROLLBACK
[0m23:57:34.483694 [debug] [Thread-3 (]: On test.ecommerce_lakehouse.not_null_fct_orders_customer_id.16fe324f7b: ROLLBACK
[0m23:57:34.483694 [debug] [Thread-2 (]: Began executing node test.ecommerce_lakehouse.relationships_fct_orders_customer_id__customer_id__ref_dim_customers_.d5636051d4
[0m23:57:34.483694 [debug] [Thread-2 (]: Writing runtime sql for node "test.ecommerce_lakehouse.relationships_fct_orders_customer_id__customer_id__ref_dim_customers_.d5636051d4"
[0m23:57:34.483694 [debug] [Thread-4 (]: On test.ecommerce_lakehouse.not_null_fct_orders_order_id.4e687af8d0: Close
[0m23:57:34.483694 [debug] [Thread-3 (]: On test.ecommerce_lakehouse.not_null_fct_orders_customer_id.16fe324f7b: Close
[0m23:57:34.483694 [debug] [Thread-1 (]: On test.ecommerce_lakehouse.not_null_dim_customers_customer_id.dd91cd1c8d: Close
[0m23:57:34.483694 [info ] [Thread-4 (]: 4 of 8 PASS not_null_fct_orders_order_id ....................................... [[32mPASS[0m in 0.28s]
[0m23:57:34.499500 [debug] [Thread-2 (]: Using postgres connection "test.ecommerce_lakehouse.relationships_fct_orders_customer_id__customer_id__ref_dim_customers_.d5636051d4"
[0m23:57:34.499500 [info ] [Thread-3 (]: 3 of 8 PASS not_null_fct_orders_customer_id .................................... [[32mPASS[0m in 0.30s]
[0m23:57:34.504175 [info ] [Thread-1 (]: 1 of 8 PASS not_null_dim_customers_customer_id ................................. [[32mPASS[0m in 0.30s]
[0m23:57:34.504175 [debug] [Thread-4 (]: Finished running node test.ecommerce_lakehouse.not_null_fct_orders_order_id.4e687af8d0
[0m23:57:34.509877 [debug] [Thread-2 (]: On test.ecommerce_lakehouse.relationships_fct_orders_customer_id__customer_id__ref_dim_customers_.d5636051d4: /* {"app": "dbt", "dbt_version": "1.12.5", "profile_name": "ecommerce_dw_profile", "target_name": "dev", "node_id": "test.ecommerce_lakehouse.relationships_fct_orders_customer_id__customer_id__ref_dim_customers_.d5636051d4"} */

    
    select
      count(*) as failures,
      count(*) != 0 as should_warn,
      count(*) != 0 as should_error
    from (
      
    
  
    
    

with child as (
    select customer_id as from_field
    from "ecommerce_dw"."gold"."fct_orders"
    where customer_id is not null
),

parent as (
    select customer_id as to_field
    from "ecommerce_dw"."gold"."dim_customers"
)

select
    from_field

from child
left join parent
    on child.from_field = parent.to_field

where parent.to_field is null



  
  
      
    ) dbt_internal_test
[0m23:57:34.509877 [debug] [Thread-3 (]: Finished running node test.ecommerce_lakehouse.not_null_fct_orders_customer_id.16fe324f7b
[0m23:57:34.509877 [debug] [Thread-1 (]: Finished running node test.ecommerce_lakehouse.not_null_dim_customers_customer_id.dd91cd1c8d
[0m23:57:34.509877 [debug] [Thread-4 (]: Began running node test.ecommerce_lakehouse.unique_dim_customers_customer_id.15c9f1e2fd
[0m23:57:34.509877 [debug] [Thread-2 (]: Opening a new connection, currently in state closed
[0m23:57:34.509877 [debug] [Thread-3 (]: Began running node test.ecommerce_lakehouse.unique_dim_products_product_id.ef7b2a9985
[0m23:57:34.515633 [debug] [Thread-1 (]: Began running node test.ecommerce_lakehouse.unique_fct_orders_order_id.523ddb6ce5
[0m23:57:34.515633 [info ] [Thread-4 (]: 6 of 8 START test unique_dim_customers_customer_id ............................. [RUN]
[0m23:57:34.515633 [info ] [Thread-3 (]: 7 of 8 START test unique_dim_products_product_id ............................... [RUN]
[0m23:57:34.515633 [info ] [Thread-1 (]: 8 of 8 START test unique_fct_orders_order_id ................................... [RUN]
[0m23:57:34.515633 [debug] [Thread-4 (]: Re-using an available connection from the pool (formerly test.ecommerce_lakehouse.not_null_fct_orders_order_id.4e687af8d0, now test.ecommerce_lakehouse.unique_dim_customers_customer_id.15c9f1e2fd)
[0m23:57:34.515633 [debug] [Thread-3 (]: Re-using an available connection from the pool (formerly test.ecommerce_lakehouse.not_null_fct_orders_customer_id.16fe324f7b, now test.ecommerce_lakehouse.unique_dim_products_product_id.ef7b2a9985)
[0m23:57:34.515633 [debug] [Thread-1 (]: Re-using an available connection from the pool (formerly test.ecommerce_lakehouse.not_null_dim_customers_customer_id.dd91cd1c8d, now test.ecommerce_lakehouse.unique_fct_orders_order_id.523ddb6ce5)
[0m23:57:34.515633 [debug] [Thread-4 (]: Began compiling node test.ecommerce_lakehouse.unique_dim_customers_customer_id.15c9f1e2fd
[0m23:57:34.515633 [debug] [Thread-3 (]: Began compiling node test.ecommerce_lakehouse.unique_dim_products_product_id.ef7b2a9985
[0m23:57:34.515633 [debug] [Thread-1 (]: Began compiling node test.ecommerce_lakehouse.unique_fct_orders_order_id.523ddb6ce5
[0m23:57:34.533407 [debug] [Thread-4 (]: Writing injected SQL for node "test.ecommerce_lakehouse.unique_dim_customers_customer_id.15c9f1e2fd"
[0m23:57:34.547534 [debug] [Thread-3 (]: Writing injected SQL for node "test.ecommerce_lakehouse.unique_dim_products_product_id.ef7b2a9985"
[0m23:57:34.572444 [debug] [Thread-1 (]: Writing injected SQL for node "test.ecommerce_lakehouse.unique_fct_orders_order_id.523ddb6ce5"
[0m23:57:34.575465 [debug] [Thread-4 (]: Began executing node test.ecommerce_lakehouse.unique_dim_customers_customer_id.15c9f1e2fd
[0m23:57:34.578507 [debug] [Thread-4 (]: Writing runtime sql for node "test.ecommerce_lakehouse.unique_dim_customers_customer_id.15c9f1e2fd"
[0m23:57:34.578507 [debug] [Thread-3 (]: Began executing node test.ecommerce_lakehouse.unique_dim_products_product_id.ef7b2a9985
[0m23:57:34.578507 [debug] [Thread-1 (]: Began executing node test.ecommerce_lakehouse.unique_fct_orders_order_id.523ddb6ce5
[0m23:57:34.584968 [debug] [Thread-3 (]: Writing runtime sql for node "test.ecommerce_lakehouse.unique_dim_products_product_id.ef7b2a9985"
[0m23:57:34.584968 [debug] [Thread-4 (]: Using postgres connection "test.ecommerce_lakehouse.unique_dim_customers_customer_id.15c9f1e2fd"
[0m23:57:34.589038 [debug] [Thread-1 (]: Writing runtime sql for node "test.ecommerce_lakehouse.unique_fct_orders_order_id.523ddb6ce5"
[0m23:57:34.591047 [debug] [Thread-4 (]: On test.ecommerce_lakehouse.unique_dim_customers_customer_id.15c9f1e2fd: /* {"app": "dbt", "dbt_version": "1.12.5", "profile_name": "ecommerce_dw_profile", "target_name": "dev", "node_id": "test.ecommerce_lakehouse.unique_dim_customers_customer_id.15c9f1e2fd"} */

    
    select
      count(*) as failures,
      count(*) != 0 as should_warn,
      count(*) != 0 as should_error
    from (
      
    
  
    
    

select
    customer_id as unique_field,
    count(*) as n_records

from "ecommerce_dw"."gold"."dim_customers"
where customer_id is not null
group by customer_id
having count(*) > 1



  
  
      
    ) dbt_internal_test
[0m23:57:34.591047 [debug] [Thread-3 (]: Using postgres connection "test.ecommerce_lakehouse.unique_dim_products_product_id.ef7b2a9985"
[0m23:57:34.593931 [debug] [Thread-4 (]: Opening a new connection, currently in state closed
[0m23:57:34.595941 [debug] [Thread-1 (]: Using postgres connection "test.ecommerce_lakehouse.unique_fct_orders_order_id.523ddb6ce5"
[0m23:57:34.597458 [debug] [Thread-3 (]: On test.ecommerce_lakehouse.unique_dim_products_product_id.ef7b2a9985: /* {"app": "dbt", "dbt_version": "1.12.5", "profile_name": "ecommerce_dw_profile", "target_name": "dev", "node_id": "test.ecommerce_lakehouse.unique_dim_products_product_id.ef7b2a9985"} */

    
    select
      count(*) as failures,
      count(*) != 0 as should_warn,
      count(*) != 0 as should_error
    from (
      
    
  
    
    

select
    product_id as unique_field,
    count(*) as n_records

from "ecommerce_dw"."gold"."dim_products"
where product_id is not null
group by product_id
having count(*) > 1



  
  
      
    ) dbt_internal_test
[0m23:57:34.599471 [debug] [Thread-1 (]: On test.ecommerce_lakehouse.unique_fct_orders_order_id.523ddb6ce5: /* {"app": "dbt", "dbt_version": "1.12.5", "profile_name": "ecommerce_dw_profile", "target_name": "dev", "node_id": "test.ecommerce_lakehouse.unique_fct_orders_order_id.523ddb6ce5"} */

    
    select
      count(*) as failures,
      count(*) != 0 as should_warn,
      count(*) != 0 as should_error
    from (
      
    
  
    
    

select
    order_id as unique_field,
    count(*) as n_records

from "ecommerce_dw"."gold"."fct_orders"
where order_id is not null
group by order_id
having count(*) > 1



  
  
      
    ) dbt_internal_test
[0m23:57:34.601749 [debug] [Thread-3 (]: Opening a new connection, currently in state closed
[0m23:57:34.604686 [debug] [Thread-1 (]: Opening a new connection, currently in state closed
[0m23:57:34.770243 [debug] [Thread-3 (]: SQL status: SELECT 1 in 0.168 seconds
[0m23:57:34.775856 [debug] [Thread-3 (]: On test.ecommerce_lakehouse.unique_dim_products_product_id.ef7b2a9985: ROLLBACK
[0m23:57:34.779441 [debug] [Thread-3 (]: On test.ecommerce_lakehouse.unique_dim_products_product_id.ef7b2a9985: Close
[0m23:57:34.782001 [error] [Thread-3 (]: 7 of 8 FAIL 32951 unique_dim_products_product_id ............................... [[31mFAIL 32951[0m in 0.26s]
[0m23:57:34.786579 [debug] [Thread-3 (]: Finished running node test.ecommerce_lakehouse.unique_dim_products_product_id.ef7b2a9985
[0m23:57:35.163707 [debug] [Thread-2 (]: SQL status: SELECT 1 in 0.650 seconds
[0m23:57:35.169284 [debug] [Thread-2 (]: On test.ecommerce_lakehouse.relationships_fct_orders_customer_id__customer_id__ref_dim_customers_.d5636051d4: ROLLBACK
[0m23:57:35.178967 [debug] [Thread-2 (]: On test.ecommerce_lakehouse.relationships_fct_orders_customer_id__customer_id__ref_dim_customers_.d5636051d4: Close
[0m23:57:35.182061 [info ] [Thread-2 (]: 5 of 8 PASS relationships_fct_orders_customer_id__customer_id__ref_dim_customers_  [[32mPASS[0m in 0.75s]
[0m23:57:35.186166 [debug] [Thread-2 (]: Finished running node test.ecommerce_lakehouse.relationships_fct_orders_customer_id__customer_id__ref_dim_customers_.d5636051d4
[0m23:57:35.934703 [debug] [Thread-4 (]: SQL status: SELECT 1 in 1.341 seconds
[0m23:57:35.937409 [debug] [Thread-4 (]: On test.ecommerce_lakehouse.unique_dim_customers_customer_id.15c9f1e2fd: ROLLBACK
[0m23:57:35.940447 [debug] [Thread-4 (]: On test.ecommerce_lakehouse.unique_dim_customers_customer_id.15c9f1e2fd: Close
[0m23:57:35.943192 [error] [Thread-4 (]: 6 of 8 FAIL 99441 unique_dim_customers_customer_id ............................. [[31mFAIL 99441[0m in 1.42s]
[0m23:57:35.945554 [debug] [Thread-4 (]: Finished running node test.ecommerce_lakehouse.unique_dim_customers_customer_id.15c9f1e2fd
[0m23:57:35.945554 [debug] [Thread-1 (]: SQL status: SELECT 1 in 1.342 seconds
[0m23:57:35.949579 [debug] [Thread-1 (]: On test.ecommerce_lakehouse.unique_fct_orders_order_id.523ddb6ce5: ROLLBACK
[0m23:57:35.949579 [debug] [Thread-1 (]: On test.ecommerce_lakehouse.unique_fct_orders_order_id.523ddb6ce5: Close
[0m23:57:35.949579 [error] [Thread-1 (]: 8 of 8 FAIL 99441 unique_fct_orders_order_id ................................... [[31mFAIL 99441[0m in 1.43s]
[0m23:57:35.949579 [debug] [Thread-1 (]: Finished running node test.ecommerce_lakehouse.unique_fct_orders_order_id.523ddb6ce5
[0m23:57:35.958992 [debug] [MainThread]: On master: COMMIT
[0m23:57:35.958992 [debug] [MainThread]: Using postgres connection "master"
[0m23:57:35.958992 [debug] [MainThread]: On master: COMMIT
[0m23:57:35.958992 [debug] [MainThread]: Opening a new connection, currently in state closed
[0m23:57:36.008113 [debug] [MainThread]: SQL status: COMMIT in 0.048 seconds
[0m23:57:36.008113 [debug] [MainThread]: On master: Close
[0m23:57:36.014464 [debug] [MainThread]: Connection 'master' was properly closed.
[0m23:57:36.014464 [debug] [MainThread]: Connection 'list_ecommerce_dw_gold' was properly closed.
[0m23:57:36.016948 [debug] [MainThread]: Connection 'test.ecommerce_lakehouse.unique_fct_orders_order_id.523ddb6ce5' was properly closed.
[0m23:57:36.016948 [debug] [MainThread]: Connection 'test.ecommerce_lakehouse.relationships_fct_orders_customer_id__customer_id__ref_dim_customers_.d5636051d4' was properly closed.
[0m23:57:36.016948 [debug] [MainThread]: Connection 'test.ecommerce_lakehouse.unique_dim_products_product_id.ef7b2a9985' was properly closed.
[0m23:57:36.016948 [debug] [MainThread]: Connection 'test.ecommerce_lakehouse.unique_dim_customers_customer_id.15c9f1e2fd' was properly closed.
[0m23:57:36.021847 [info ] [MainThread]: 
[0m23:57:36.021847 [info ] [MainThread]: Finished running 8 data tests in 0 hours 0 minutes and 2.11 seconds (2.11s).
[0m23:57:36.025271 [debug] [MainThread]: Command end result
[0m23:57:36.116527 [debug] [MainThread]: Wrote artifact WritableManifest to C:\Users\AH Info\Desktop\PROJECT_BI\modern-lakehouse-ecommerce\dbt_project\target\manifest.json
[0m23:57:36.132322 [debug] [MainThread]: Wrote artifact SemanticManifest to C:\Users\AH Info\Desktop\PROJECT_BI\modern-lakehouse-ecommerce\dbt_project\target\semantic_manifest.json
[0m23:57:36.132322 [debug] [MainThread]: Wrote artifact OsiDocument to C:\Users\AH Info\Desktop\PROJECT_BI\modern-lakehouse-ecommerce\dbt_project\target\osi_document.json
[0m23:57:36.148202 [debug] [MainThread]: Wrote artifact RunExecutionResult to C:\Users\AH Info\Desktop\PROJECT_BI\modern-lakehouse-ecommerce\dbt_project\target\run_results.json
[0m23:57:36.148202 [info ] [MainThread]: 
[0m23:57:36.148202 [info ] [MainThread]: [31mCompleted with 3 errors, 0 partial successes, and 0 warnings:[0m
[0m23:57:36.161549 [info ] [MainThread]: 
[0m23:57:36.163977 [error] [MainThread]: [[31mERROR[0m]: in test unique_dim_products_product_id (models\marts\schema.yml)
[0m23:57:36.163977 [error] [MainThread]:   Got 32951 results, configured to fail if != 0
[0m23:57:36.163977 [info ] [MainThread]: 
[0m23:57:36.163977 [info ] [MainThread]:   compiled code at target\compiled\ecommerce_lakehouse\models\marts\schema.yml\unique_dim_products_product_id.sql
[0m23:57:36.163977 [info ] [MainThread]: 
[0m23:57:36.163977 [error] [MainThread]: [[31mERROR[0m]: in test unique_dim_customers_customer_id (models\marts\schema.yml)
[0m23:57:36.163977 [error] [MainThread]:   Got 99441 results, configured to fail if != 0
[0m23:57:36.163977 [info ] [MainThread]: 
[0m23:57:36.163977 [info ] [MainThread]:   compiled code at target\compiled\ecommerce_lakehouse\models\marts\schema.yml\unique_dim_customers_customer_id.sql
[0m23:57:36.163977 [info ] [MainThread]: 
[0m23:57:36.176482 [error] [MainThread]: [[31mERROR[0m]: in test unique_fct_orders_order_id (models\marts\schema.yml)
[0m23:57:36.178492 [error] [MainThread]:   Got 99441 results, configured to fail if != 0
[0m23:57:36.180002 [info ] [MainThread]: 
[0m23:57:36.180002 [info ] [MainThread]:   compiled code at target\compiled\ecommerce_lakehouse\models\marts\schema.yml\unique_fct_orders_order_id.sql
[0m23:57:36.180002 [info ] [MainThread]: 
[0m23:57:36.180002 [info ] [MainThread]: Done. PASS=5 WARN=0 ERROR=3 SKIP=0 NO-OP=0 REUSED=0 TOTAL=8
[0m23:57:36.180002 [debug] [MainThread]: Command `dbt test` failed at 23:57:36.180002 after 4.16 seconds
[0m23:57:36.180002 [debug] [MainThread]: Sending event: {'category': 'dbt', 'action': 'invocation', 'label': 'end', 'context': [<snowplow_tracker.self_describing_json.SelfDescribingJson object at 0x000001E5AEF4FED0>, <snowplow_tracker.self_describing_json.SelfDescribingJson object at 0x000001E5AE2870D0>, <snowplow_tracker.self_describing_json.SelfDescribingJson object at 0x000001E5AE287350>]}
[0m23:57:36.180002 [debug] [MainThread]: Flushing usage events
[0m23:57:36.820919 [debug] [MainThread]: An error was encountered while trying to flush usage events
[0m00:08:52.883794 [debug] [MainThread]: Sending event: {'category': 'dbt', 'action': 'invocation', 'label': 'start', 'context': [<snowplow_tracker.self_describing_json.SelfDescribingJson object at 0x000002D91FE57A50>, <snowplow_tracker.self_describing_json.SelfDescribingJson object at 0x000002D91FE55990>, <snowplow_tracker.self_describing_json.SelfDescribingJson object at 0x000002D91FE55F50>]}


============================== 00:08:52.883794 | 9fca7294-e975-42a9-9c47-5ac7b0fa8b43 ==============================
[0m00:08:52.883794 [info ] [MainThread]: Running with dbt=1.12.5
[0m00:08:52.883794 [debug] [MainThread]: running dbt with arguments {'static_parser': 'True', 'no_print': 'None', 'version_check': 'True', 'warn_error_options': 'WarnErrorOptionsV2(error=[], warn=[], silence=[])', 'target_path': 'None', 'maximum_seed_size_mib': '1', 'printer_width': '80', 'write_json': 'True', 'empty': 'False', 'log_cache_events': 'False', 'introspect': 'True', 'cache_selected_only': 'False', 'fail_fast': 'False', 'debug': 'False', 'log_format': 'default', 'partial_parse': 'True', 'send_anonymous_usage_stats': 'True', 'quiet': 'False', 'warn_error': 'None', 'profiles_dir': '.', 'invocation_command': 'dbt run --profiles-dir .', 'hints_enabled': 'True', 'indirect_selection': 'eager', 'use_experimental_parser': 'False', 'use_colors': 'True', 'log_path': 'C:\\Users\\AH Info\\Desktop\\PROJECT_BI\\modern-lakehouse-ecommerce\\dbt_project\\logs'}
[0m00:08:53.153478 [debug] [MainThread]: Sending event: {'category': 'dbt', 'action': 'project_id', 'label': '9fca7294-e975-42a9-9c47-5ac7b0fa8b43', 'context': [<snowplow_tracker.self_describing_json.SelfDescribingJson object at 0x000002D9200DCF10>]}
[0m00:08:53.234316 [debug] [MainThread]: Sending event: {'category': 'dbt', 'action': 'adapter_info', 'label': '9fca7294-e975-42a9-9c47-5ac7b0fa8b43', 'context': [<snowplow_tracker.self_describing_json.SelfDescribingJson object at 0x000002D91B67DAD0>]}
[0m00:08:53.249966 [info ] [MainThread]: Registered adapter: postgres=1.11.0
[0m00:08:53.682506 [debug] [MainThread]: checksum: 47aa1655c51f4746ffe4c3e26485233df529fda9ea534f954c00dbdd96e28ce0, vars: {}, profile: ecommerce_dw_profile, target: dev, version: 1.12.5
[0m00:08:53.964944 [debug] [MainThread]: Partial parsing enabled: 0 files deleted, 0 files added, 0 files changed.
[0m00:08:53.966952 [debug] [MainThread]: Nothing changed, skipping partial parsing.
[0m00:08:53.966952 [debug] [MainThread]: Partial parsing enabled, no changes found, skipping parsing
[0m00:08:53.980751 [debug] [MainThread]: Sending event: {'category': 'dbt', 'action': 'load_project', 'label': '9fca7294-e975-42a9-9c47-5ac7b0fa8b43', 'context': [<snowplow_tracker.self_describing_json.SelfDescribingJson object at 0x000002D92052ED50>]}
[0m00:08:54.199940 [debug] [MainThread]: Wrote artifact WritableManifest to C:\Users\AH Info\Desktop\PROJECT_BI\modern-lakehouse-ecommerce\dbt_project\target\manifest.json
[0m00:08:54.205967 [debug] [MainThread]: Wrote artifact SemanticManifest to C:\Users\AH Info\Desktop\PROJECT_BI\modern-lakehouse-ecommerce\dbt_project\target\semantic_manifest.json
[0m00:08:54.229470 [debug] [MainThread]: Wrote artifact OsiDocument to C:\Users\AH Info\Desktop\PROJECT_BI\modern-lakehouse-ecommerce\dbt_project\target\osi_document.json
[0m00:08:54.260633 [debug] [MainThread]: Sending event: {'category': 'dbt', 'action': 'resource_counts', 'label': '9fca7294-e975-42a9-9c47-5ac7b0fa8b43', 'context': [<snowplow_tracker.self_describing_json.SelfDescribingJson object at 0x000002D920453B90>]}
[0m00:08:54.261641 [info ] [MainThread]: Found 7 models, 8 data tests, 4 sources, 477 macros
[0m00:08:54.261641 [debug] [MainThread]: Sending event: {'category': 'dbt', 'action': 'runnable_timing', 'label': '9fca7294-e975-42a9-9c47-5ac7b0fa8b43', 'context': [<snowplow_tracker.self_describing_json.SelfDescribingJson object at 0x000002D9204245D0>]}
[0m00:08:54.265656 [info ] [MainThread]: 
[0m00:08:54.265656 [info ] [MainThread]: Concurrency: 4 threads (target='dev')
[0m00:08:54.265656 [info ] [MainThread]: 
[0m00:08:54.265656 [debug] [MainThread]: Acquiring new postgres connection 'master'
[0m00:08:54.273763 [debug] [ThreadPool]: Acquiring new postgres connection 'list_ecommerce_dw'
[0m00:08:54.373146 [debug] [ThreadPool]: Using postgres connection "list_ecommerce_dw"
[0m00:08:54.373146 [debug] [ThreadPool]: On list_ecommerce_dw: /* {"app": "dbt", "dbt_version": "1.12.5", "profile_name": "ecommerce_dw_profile", "target_name": "dev", "connection_name": "list_ecommerce_dw"} */

    select distinct nspname from pg_namespace
  
[0m00:08:54.373146 [debug] [ThreadPool]: Opening a new connection, currently in state init
[0m00:08:54.404730 [debug] [ThreadPool]: SQL status: SELECT 5 in 0.030 seconds
[0m00:08:54.404730 [debug] [ThreadPool]: On list_ecommerce_dw: Close
[0m00:08:54.404730 [debug] [ThreadPool]: Acquiring new postgres connection 'list_ecommerce_dw_gold'
[0m00:08:54.422442 [debug] [ThreadPool]: Using postgres connection "list_ecommerce_dw_gold"
[0m00:08:54.424452 [debug] [ThreadPool]: On list_ecommerce_dw_gold: /* {"app": "dbt", "dbt_version": "1.12.5", "profile_name": "ecommerce_dw_profile", "target_name": "dev", "connection_name": "list_ecommerce_dw_gold"} */
select
      'ecommerce_dw' as database,
      tablename as name,
      schemaname as schema,
      'table' as type
    from pg_tables
    where schemaname ilike 'gold'
    union all
    select
      'ecommerce_dw' as database,
      viewname as name,
      schemaname as schema,
      'view' as type
    from pg_views
    where schemaname ilike 'gold'
    union all
    select
      'ecommerce_dw' as database,
      matviewname as name,
      schemaname as schema,
      'materialized_view' as type
    from pg_matviews
    where schemaname ilike 'gold'
    union all
    select distinct
     'ecommerce_dw' as database,
     proname as name,
     ns.nspname as schema,
     'function' as type
    from pg_proc
     join pg_namespace as ns on pronamespace = ns.oid
    where ns.nspname ilike 'gold'
  
[0m00:08:54.424452 [debug] [ThreadPool]: Opening a new connection, currently in state init
[0m00:08:54.468230 [debug] [ThreadPool]: SQL status: SELECT 9 in 0.052 seconds
[0m00:08:54.468230 [debug] [ThreadPool]: On list_ecommerce_dw_gold: ROLLBACK
[0m00:08:54.468230 [debug] [ThreadPool]: On list_ecommerce_dw_gold: Close
[0m00:08:54.483984 [debug] [MainThread]: Using postgres connection "master"
[0m00:08:54.483984 [debug] [MainThread]: On master: /* {"app": "dbt", "dbt_version": "1.12.5", "profile_name": "ecommerce_dw_profile", "target_name": "dev", "connection_name": "master"} */
select distinct
        dependent_namespace.nspname as dependent_schema,
        dependent_class.relname as dependent_name,
        referenced_namespace.nspname as referenced_schema,
        referenced_class.relname as referenced_name

    -- Query for views: views are entries in pg_class with an entry in pg_rewrite, but we avoid
    -- a seq scan on pg_rewrite by leveraging the fact there is an "internal" row in pg_depend for
    -- the view...
    from pg_class as dependent_class
    join pg_namespace as dependent_namespace on dependent_namespace.oid = dependent_class.relnamespace
    join pg_depend as dependent_depend on dependent_depend.refobjid = dependent_class.oid
        and dependent_depend.classid = 'pg_rewrite'::regclass
        and dependent_depend.refclassid = 'pg_class'::regclass
        and dependent_depend.deptype = 'i'

    -- ... and via pg_depend (that has a row per column, hence the need for "distinct" above, and
    -- making sure to exclude the internal row to avoid a view appearing to depend on itself)...
    join pg_depend as joining_depend on joining_depend.objid = dependent_depend.objid
        and joining_depend.classid = 'pg_rewrite'::regclass
        and joining_depend.refclassid = 'pg_class'::regclass
        and joining_depend.refobjid != dependent_depend.refobjid

    -- ... we can find the tables they query from in pg_class, but excluding system tables. Note we
    -- don't need need to exclude _dependent_ system tables, because they only query from other
    -- system tables, and so are automatically excluded by excluding _referenced_ system tables
    join pg_class as referenced_class on referenced_class.oid = joining_depend.refobjid
    join pg_namespace as referenced_namespace on referenced_namespace.oid = referenced_class.relnamespace
        and referenced_namespace.nspname != 'information_schema'
        and referenced_namespace.nspname not like 'pg\_%'

    order by
        dependent_schema, dependent_name, referenced_schema, referenced_name;
[0m00:08:54.483984 [debug] [MainThread]: Opening a new connection, currently in state init
[0m00:08:54.515469 [debug] [MainThread]: SQL status: SELECT 4 in 0.030 seconds
[0m00:08:54.515469 [debug] [MainThread]: Sending event: {'category': 'dbt', 'action': 'runnable_timing', 'label': '9fca7294-e975-42a9-9c47-5ac7b0fa8b43', 'context': [<snowplow_tracker.self_describing_json.SelfDescribingJson object at 0x000002D9204504D0>]}
[0m00:08:54.515469 [debug] [MainThread]: On master: ROLLBACK
[0m00:08:54.515469 [debug] [MainThread]: On master: COMMIT
[0m00:08:54.515469 [debug] [MainThread]: Using postgres connection "master"
[0m00:08:54.515469 [debug] [MainThread]: On master: COMMIT
[0m00:08:54.525738 [debug] [MainThread]: SQL status: COMMIT in 0.002 seconds
[0m00:08:54.525738 [debug] [MainThread]: On master: Close
[0m00:08:54.531423 [debug] [Thread-1 (]: Began running node model.ecommerce_lakehouse.stg_customers
[0m00:08:54.531423 [debug] [Thread-2 (]: Began running node model.ecommerce_lakehouse.stg_order_items
[0m00:08:54.531423 [debug] [Thread-3 (]: Began running node model.ecommerce_lakehouse.stg_orders
[0m00:08:54.531423 [debug] [Thread-4 (]: Began running node model.ecommerce_lakehouse.stg_products
[0m00:08:54.531423 [info ] [Thread-1 (]: 1 of 7 START sql view model gold.stg_customers ................................. [RUN]
[0m00:08:54.531423 [info ] [Thread-2 (]: 2 of 7 START sql view model gold.stg_order_items ............................... [RUN]
[0m00:08:54.531423 [info ] [Thread-3 (]: 3 of 7 START sql view model gold.stg_orders .................................... [RUN]
[0m00:08:54.531423 [info ] [Thread-4 (]: 4 of 7 START sql view model gold.stg_products .................................. [RUN]
[0m00:08:54.531423 [debug] [Thread-1 (]: Acquiring new postgres connection 'model.ecommerce_lakehouse.stg_customers'
[0m00:08:54.531423 [debug] [Thread-2 (]: Acquiring new postgres connection 'model.ecommerce_lakehouse.stg_order_items'
[0m00:08:54.531423 [debug] [Thread-3 (]: Acquiring new postgres connection 'model.ecommerce_lakehouse.stg_orders'
[0m00:08:54.531423 [debug] [Thread-4 (]: Acquiring new postgres connection 'model.ecommerce_lakehouse.stg_products'
[0m00:08:54.531423 [debug] [Thread-1 (]: Began compiling node model.ecommerce_lakehouse.stg_customers
[0m00:08:54.531423 [debug] [Thread-2 (]: Began compiling node model.ecommerce_lakehouse.stg_order_items
[0m00:08:54.531423 [debug] [Thread-3 (]: Began compiling node model.ecommerce_lakehouse.stg_orders
[0m00:08:54.531423 [debug] [Thread-4 (]: Began compiling node model.ecommerce_lakehouse.stg_products
[0m00:08:54.547092 [debug] [Thread-1 (]: Writing injected SQL for node "model.ecommerce_lakehouse.stg_customers"
[0m00:08:54.547092 [debug] [Thread-2 (]: Writing injected SQL for node "model.ecommerce_lakehouse.stg_order_items"
[0m00:08:54.547092 [debug] [Thread-3 (]: Writing injected SQL for node "model.ecommerce_lakehouse.stg_orders"
[0m00:08:54.547092 [debug] [Thread-4 (]: Writing injected SQL for node "model.ecommerce_lakehouse.stg_products"
[0m00:08:54.547092 [debug] [Thread-1 (]: Began executing node model.ecommerce_lakehouse.stg_customers
[0m00:08:54.562924 [debug] [Thread-2 (]: Began executing node model.ecommerce_lakehouse.stg_order_items
[0m00:08:54.579053 [debug] [Thread-3 (]: Began executing node model.ecommerce_lakehouse.stg_orders
[0m00:08:54.595072 [debug] [Thread-4 (]: Began executing node model.ecommerce_lakehouse.stg_products
[0m00:08:54.595072 [debug] [Thread-1 (]: Writing runtime sql for node "model.ecommerce_lakehouse.stg_customers"
[0m00:08:54.611129 [debug] [Thread-2 (]: Writing runtime sql for node "model.ecommerce_lakehouse.stg_order_items"
[0m00:08:54.611129 [debug] [Thread-3 (]: Writing runtime sql for node "model.ecommerce_lakehouse.stg_orders"
[0m00:08:54.611129 [debug] [Thread-4 (]: Writing runtime sql for node "model.ecommerce_lakehouse.stg_products"
[0m00:08:54.611129 [debug] [Thread-1 (]: Using postgres connection "model.ecommerce_lakehouse.stg_customers"
[0m00:08:54.611129 [debug] [Thread-2 (]: Using postgres connection "model.ecommerce_lakehouse.stg_order_items"
[0m00:08:54.611129 [debug] [Thread-3 (]: Using postgres connection "model.ecommerce_lakehouse.stg_orders"
[0m00:08:54.611129 [debug] [Thread-1 (]: On model.ecommerce_lakehouse.stg_customers: /* {"app": "dbt", "dbt_version": "1.12.5", "profile_name": "ecommerce_dw_profile", "target_name": "dev", "node_id": "model.ecommerce_lakehouse.stg_customers"} */

  create view "ecommerce_dw"."gold"."stg_customers__dbt_tmp"
    
    
  as (
    with source as (
    select * from "ecommerce_dw"."public"."silver_customers"
)

select
    customer_id,
    customer_unique_id,
    customer_zip_code_prefix,
    customer_city,
    customer_state
from source
  );
[0m00:08:54.611129 [debug] [Thread-4 (]: Using postgres connection "model.ecommerce_lakehouse.stg_products"
[0m00:08:54.627268 [debug] [Thread-2 (]: On model.ecommerce_lakehouse.stg_order_items: /* {"app": "dbt", "dbt_version": "1.12.5", "profile_name": "ecommerce_dw_profile", "target_name": "dev", "node_id": "model.ecommerce_lakehouse.stg_order_items"} */

  create view "ecommerce_dw"."gold"."stg_order_items__dbt_tmp"
    
    
  as (
    with source as (
    select * from "ecommerce_dw"."public"."silver_order_items"
)

select
    order_id,
    order_item_id,
    product_id,
    seller_id,
    price,
    freight_value,
    total_item_value
from source
  );
[0m00:08:54.627268 [debug] [Thread-3 (]: On model.ecommerce_lakehouse.stg_orders: /* {"app": "dbt", "dbt_version": "1.12.5", "profile_name": "ecommerce_dw_profile", "target_name": "dev", "node_id": "model.ecommerce_lakehouse.stg_orders"} */

  create view "ecommerce_dw"."gold"."stg_orders__dbt_tmp"
    
    
  as (
    with source as (
    select * from "ecommerce_dw"."public"."silver_orders"
)

select
    order_id,
    customer_id,
    order_status,
    order_purchase_timestamp,
    order_approved_at,
    order_delivered_customer_date,
    order_estimated_delivery_date,
    actual_delivery_days,
    is_delayed
from source
  );
[0m00:08:54.627268 [debug] [Thread-1 (]: Opening a new connection, currently in state init
[0m00:08:54.627268 [debug] [Thread-4 (]: On model.ecommerce_lakehouse.stg_products: /* {"app": "dbt", "dbt_version": "1.12.5", "profile_name": "ecommerce_dw_profile", "target_name": "dev", "node_id": "model.ecommerce_lakehouse.stg_products"} */

  create view "ecommerce_dw"."gold"."stg_products__dbt_tmp"
    
    
  as (
    with source as (
    select * from "ecommerce_dw"."public"."silver_products"
)

select
    product_id,
    product_category_name,
    product_name_lenght,
    product_description_lenght,
    product_photos_qty,
    product_weight_g
from source
  );
[0m00:08:54.627268 [debug] [Thread-2 (]: Opening a new connection, currently in state init
[0m00:08:54.627268 [debug] [Thread-3 (]: Opening a new connection, currently in state init
[0m00:08:54.627268 [debug] [Thread-4 (]: Opening a new connection, currently in state init
[0m00:08:54.645038 [debug] [Thread-1 (]: SQL status: CREATE VIEW in 0.028 seconds
[0m00:08:54.658675 [debug] [Thread-1 (]: Using postgres connection "model.ecommerce_lakehouse.stg_customers"
[0m00:08:54.658675 [debug] [Thread-2 (]: SQL status: CREATE VIEW in 0.037 seconds
[0m00:08:54.658675 [debug] [Thread-1 (]: On model.ecommerce_lakehouse.stg_customers: /* {"app": "dbt", "dbt_version": "1.12.5", "profile_name": "ecommerce_dw_profile", "target_name": "dev", "node_id": "model.ecommerce_lakehouse.stg_customers"} */
alter table "ecommerce_dw"."gold"."stg_customers" rename to "stg_customers__dbt_backup"
[0m00:08:54.671290 [debug] [Thread-2 (]: Using postgres connection "model.ecommerce_lakehouse.stg_order_items"
[0m00:08:54.671290 [debug] [Thread-2 (]: On model.ecommerce_lakehouse.stg_order_items: /* {"app": "dbt", "dbt_version": "1.12.5", "profile_name": "ecommerce_dw_profile", "target_name": "dev", "node_id": "model.ecommerce_lakehouse.stg_order_items"} */
alter table "ecommerce_dw"."gold"."stg_order_items" rename to "stg_order_items__dbt_backup"
[0m00:08:54.671290 [debug] [Thread-3 (]: SQL status: CREATE VIEW in 0.044 seconds
[0m00:08:54.674322 [debug] [Thread-1 (]: SQL status: ALTER TABLE in 0.002 seconds
[0m00:08:54.674322 [debug] [Thread-4 (]: SQL status: CREATE VIEW in 0.045 seconds
[0m00:08:54.674322 [debug] [Thread-2 (]: SQL status: ALTER TABLE in 0.002 seconds
[0m00:08:54.674322 [debug] [Thread-3 (]: Using postgres connection "model.ecommerce_lakehouse.stg_orders"
[0m00:08:54.674322 [debug] [Thread-1 (]: Using postgres connection "model.ecommerce_lakehouse.stg_customers"
[0m00:08:54.674322 [debug] [Thread-4 (]: Using postgres connection "model.ecommerce_lakehouse.stg_products"
[0m00:08:54.674322 [debug] [Thread-2 (]: Using postgres connection "model.ecommerce_lakehouse.stg_order_items"
[0m00:08:54.674322 [debug] [Thread-3 (]: On model.ecommerce_lakehouse.stg_orders: /* {"app": "dbt", "dbt_version": "1.12.5", "profile_name": "ecommerce_dw_profile", "target_name": "dev", "node_id": "model.ecommerce_lakehouse.stg_orders"} */
alter table "ecommerce_dw"."gold"."stg_orders" rename to "stg_orders__dbt_backup"
[0m00:08:54.674322 [debug] [Thread-1 (]: On model.ecommerce_lakehouse.stg_customers: /* {"app": "dbt", "dbt_version": "1.12.5", "profile_name": "ecommerce_dw_profile", "target_name": "dev", "node_id": "model.ecommerce_lakehouse.stg_customers"} */
alter table "ecommerce_dw"."gold"."stg_customers__dbt_tmp" rename to "stg_customers"
[0m00:08:54.690481 [debug] [Thread-4 (]: On model.ecommerce_lakehouse.stg_products: /* {"app": "dbt", "dbt_version": "1.12.5", "profile_name": "ecommerce_dw_profile", "target_name": "dev", "node_id": "model.ecommerce_lakehouse.stg_products"} */
alter table "ecommerce_dw"."gold"."stg_products" rename to "stg_products__dbt_backup"
[0m00:08:54.690481 [debug] [Thread-2 (]: On model.ecommerce_lakehouse.stg_order_items: /* {"app": "dbt", "dbt_version": "1.12.5", "profile_name": "ecommerce_dw_profile", "target_name": "dev", "node_id": "model.ecommerce_lakehouse.stg_order_items"} */
alter table "ecommerce_dw"."gold"."stg_order_items__dbt_tmp" rename to "stg_order_items"
[0m00:08:54.690481 [debug] [Thread-3 (]: SQL status: ALTER TABLE in 0.002 seconds
[0m00:08:54.690481 [debug] [Thread-2 (]: SQL status: ALTER TABLE in 0.001 seconds
[0m00:08:54.690481 [debug] [Thread-1 (]: SQL status: ALTER TABLE in 0.003 seconds
[0m00:08:54.690481 [debug] [Thread-4 (]: SQL status: ALTER TABLE in 0.003 seconds
[0m00:08:54.697233 [debug] [Thread-3 (]: Using postgres connection "model.ecommerce_lakehouse.stg_orders"
[0m00:08:54.706166 [debug] [Thread-2 (]: On model.ecommerce_lakehouse.stg_order_items: COMMIT
[0m00:08:54.723742 [debug] [Thread-1 (]: On model.ecommerce_lakehouse.stg_customers: COMMIT
[0m00:08:54.725750 [debug] [Thread-4 (]: Using postgres connection "model.ecommerce_lakehouse.stg_products"
[0m00:08:54.725750 [debug] [Thread-3 (]: On model.ecommerce_lakehouse.stg_orders: /* {"app": "dbt", "dbt_version": "1.12.5", "profile_name": "ecommerce_dw_profile", "target_name": "dev", "node_id": "model.ecommerce_lakehouse.stg_orders"} */
alter table "ecommerce_dw"."gold"."stg_orders__dbt_tmp" rename to "stg_orders"
[0m00:08:54.725750 [debug] [Thread-2 (]: Using postgres connection "model.ecommerce_lakehouse.stg_order_items"
[0m00:08:54.725750 [debug] [Thread-1 (]: Using postgres connection "model.ecommerce_lakehouse.stg_customers"
[0m00:08:54.725750 [debug] [Thread-4 (]: On model.ecommerce_lakehouse.stg_products: /* {"app": "dbt", "dbt_version": "1.12.5", "profile_name": "ecommerce_dw_profile", "target_name": "dev", "node_id": "model.ecommerce_lakehouse.stg_products"} */
alter table "ecommerce_dw"."gold"."stg_products__dbt_tmp" rename to "stg_products"
[0m00:08:54.725750 [debug] [Thread-2 (]: On model.ecommerce_lakehouse.stg_order_items: COMMIT
[0m00:08:54.725750 [debug] [Thread-1 (]: On model.ecommerce_lakehouse.stg_customers: COMMIT
[0m00:08:54.725750 [debug] [Thread-3 (]: SQL status: ALTER TABLE in 0.002 seconds
[0m00:08:54.725750 [debug] [Thread-3 (]: On model.ecommerce_lakehouse.stg_orders: COMMIT
[0m00:08:54.725750 [debug] [Thread-1 (]: SQL status: COMMIT in 0.003 seconds
[0m00:08:54.725750 [debug] [Thread-4 (]: SQL status: ALTER TABLE in 0.004 seconds
[0m00:08:54.725750 [debug] [Thread-2 (]: SQL status: COMMIT in 0.005 seconds
[0m00:08:54.725750 [debug] [Thread-3 (]: Using postgres connection "model.ecommerce_lakehouse.stg_orders"
[0m00:08:54.737553 [debug] [Thread-1 (]: Applying DROP to: "ecommerce_dw"."gold"."stg_customers__dbt_backup"
[0m00:08:54.737553 [debug] [Thread-4 (]: On model.ecommerce_lakehouse.stg_products: COMMIT
[0m00:08:54.737553 [debug] [Thread-2 (]: Applying DROP to: "ecommerce_dw"."gold"."stg_order_items__dbt_backup"
[0m00:08:54.737553 [debug] [Thread-3 (]: On model.ecommerce_lakehouse.stg_orders: COMMIT
[0m00:08:54.753622 [debug] [Thread-1 (]: Using postgres connection "model.ecommerce_lakehouse.stg_customers"
[0m00:08:54.753622 [debug] [Thread-4 (]: Using postgres connection "model.ecommerce_lakehouse.stg_products"
[0m00:08:54.753622 [debug] [Thread-2 (]: Using postgres connection "model.ecommerce_lakehouse.stg_order_items"
[0m00:08:54.753622 [debug] [Thread-1 (]: On model.ecommerce_lakehouse.stg_customers: /* {"app": "dbt", "dbt_version": "1.12.5", "profile_name": "ecommerce_dw_profile", "target_name": "dev", "node_id": "model.ecommerce_lakehouse.stg_customers"} */
drop view if exists "ecommerce_dw"."gold"."stg_customers__dbt_backup" cascade
[0m00:08:54.753622 [debug] [Thread-4 (]: On model.ecommerce_lakehouse.stg_products: COMMIT
[0m00:08:54.753622 [debug] [Thread-2 (]: On model.ecommerce_lakehouse.stg_order_items: /* {"app": "dbt", "dbt_version": "1.12.5", "profile_name": "ecommerce_dw_profile", "target_name": "dev", "node_id": "model.ecommerce_lakehouse.stg_order_items"} */
drop view if exists "ecommerce_dw"."gold"."stg_order_items__dbt_backup" cascade
[0m00:08:54.753622 [debug] [Thread-3 (]: SQL status: COMMIT in 0.003 seconds
[0m00:08:54.753622 [debug] [Thread-3 (]: Applying DROP to: "ecommerce_dw"."gold"."stg_orders__dbt_backup"
[0m00:08:54.753622 [debug] [Thread-4 (]: SQL status: COMMIT in 0.004 seconds
[0m00:08:54.753622 [debug] [Thread-1 (]: SQL status: DROP VIEW in 0.005 seconds
[0m00:08:54.753622 [debug] [Thread-2 (]: SQL status: DROP VIEW in 0.004 seconds
[0m00:08:54.753622 [debug] [Thread-3 (]: Using postgres connection "model.ecommerce_lakehouse.stg_orders"
[0m00:08:54.769710 [debug] [Thread-4 (]: Applying DROP to: "ecommerce_dw"."gold"."stg_products__dbt_backup"
[0m00:08:54.769710 [debug] [Thread-1 (]: On model.ecommerce_lakehouse.stg_customers: Close
[0m00:08:54.769710 [debug] [Thread-2 (]: On model.ecommerce_lakehouse.stg_order_items: Close
[0m00:08:54.769710 [debug] [Thread-3 (]: On model.ecommerce_lakehouse.stg_orders: /* {"app": "dbt", "dbt_version": "1.12.5", "profile_name": "ecommerce_dw_profile", "target_name": "dev", "node_id": "model.ecommerce_lakehouse.stg_orders"} */
drop view if exists "ecommerce_dw"."gold"."stg_orders__dbt_backup" cascade
[0m00:08:54.769710 [debug] [Thread-4 (]: Using postgres connection "model.ecommerce_lakehouse.stg_products"
[0m00:08:54.769710 [debug] [Thread-1 (]: Sending event: {'category': 'dbt', 'action': 'run_model', 'label': '9fca7294-e975-42a9-9c47-5ac7b0fa8b43', 'context': [<snowplow_tracker.self_describing_json.SelfDescribingJson object at 0x000002D920A6A990>]}
[0m00:08:54.769710 [debug] [Thread-2 (]: Sending event: {'category': 'dbt', 'action': 'run_model', 'label': '9fca7294-e975-42a9-9c47-5ac7b0fa8b43', 'context': [<snowplow_tracker.self_describing_json.SelfDescribingJson object at 0x000002D920A52B90>]}
[0m00:08:54.769710 [debug] [Thread-4 (]: On model.ecommerce_lakehouse.stg_products: /* {"app": "dbt", "dbt_version": "1.12.5", "profile_name": "ecommerce_dw_profile", "target_name": "dev", "node_id": "model.ecommerce_lakehouse.stg_products"} */
drop view if exists "ecommerce_dw"."gold"."stg_products__dbt_backup" cascade
[0m00:08:54.769710 [debug] [Thread-3 (]: SQL status: DROP VIEW in 0.004 seconds
[0m00:08:54.769710 [info ] [Thread-1 (]: 1 of 7 OK created sql view model gold.stg_customers ............................ [[32mCREATE VIEW[0m in 0.24s]
[0m00:08:54.785365 [info ] [Thread-2 (]: 2 of 7 OK created sql view model gold.stg_order_items .......................... [[32mCREATE VIEW[0m in 0.24s]
[0m00:08:54.785365 [debug] [Thread-3 (]: On model.ecommerce_lakehouse.stg_orders: Close
[0m00:08:54.785365 [debug] [Thread-1 (]: Finished running node model.ecommerce_lakehouse.stg_customers
[0m00:08:54.785365 [debug] [Thread-2 (]: Finished running node model.ecommerce_lakehouse.stg_order_items
[0m00:08:54.785365 [debug] [Thread-4 (]: SQL status: DROP VIEW in 0.005 seconds
[0m00:08:54.785365 [debug] [Thread-3 (]: Sending event: {'category': 'dbt', 'action': 'run_model', 'label': '9fca7294-e975-42a9-9c47-5ac7b0fa8b43', 'context': [<snowplow_tracker.self_describing_json.SelfDescribingJson object at 0x000002D920A5DF50>]}
[0m00:08:54.785365 [debug] [Thread-4 (]: On model.ecommerce_lakehouse.stg_products: Close
[0m00:08:54.785365 [info ] [Thread-3 (]: 3 of 7 OK created sql view model gold.stg_orders ............................... [[32mCREATE VIEW[0m in 0.25s]
[0m00:08:54.785365 [debug] [Thread-4 (]: Sending event: {'category': 'dbt', 'action': 'run_model', 'label': '9fca7294-e975-42a9-9c47-5ac7b0fa8b43', 'context': [<snowplow_tracker.self_describing_json.SelfDescribingJson object at 0x000002D920A2C7D0>]}
[0m00:08:54.785365 [debug] [Thread-3 (]: Finished running node model.ecommerce_lakehouse.stg_orders
[0m00:08:54.801024 [info ] [Thread-4 (]: 4 of 7 OK created sql view model gold.stg_products ............................. [[32mCREATE VIEW[0m in 0.25s]
[0m00:08:54.801024 [debug] [Thread-1 (]: Began running node model.ecommerce_lakehouse.dim_customers
[0m00:08:54.801024 [debug] [Thread-2 (]: Began running node model.ecommerce_lakehouse.fct_orders
[0m00:08:54.801024 [debug] [Thread-4 (]: Finished running node model.ecommerce_lakehouse.stg_products
[0m00:08:54.801024 [info ] [Thread-1 (]: 5 of 7 START sql table model gold.dim_customers ................................ [RUN]
[0m00:08:54.801024 [info ] [Thread-2 (]: 6 of 7 START sql table model gold.fct_orders ................................... [RUN]
[0m00:08:54.801024 [debug] [Thread-3 (]: Began running node model.ecommerce_lakehouse.dim_products
[0m00:08:54.801024 [debug] [Thread-1 (]: Re-using an available connection from the pool (formerly model.ecommerce_lakehouse.stg_customers, now model.ecommerce_lakehouse.dim_customers)
[0m00:08:54.801024 [debug] [Thread-2 (]: Re-using an available connection from the pool (formerly model.ecommerce_lakehouse.stg_order_items, now model.ecommerce_lakehouse.fct_orders)
[0m00:08:54.801024 [info ] [Thread-3 (]: 7 of 7 START sql table model gold.dim_products ................................. [RUN]
[0m00:08:54.801024 [debug] [Thread-1 (]: Began compiling node model.ecommerce_lakehouse.dim_customers
[0m00:08:54.801024 [debug] [Thread-2 (]: Began compiling node model.ecommerce_lakehouse.fct_orders
[0m00:08:54.801024 [debug] [Thread-3 (]: Re-using an available connection from the pool (formerly model.ecommerce_lakehouse.stg_orders, now model.ecommerce_lakehouse.dim_products)
[0m00:08:54.801024 [debug] [Thread-1 (]: Writing injected SQL for node "model.ecommerce_lakehouse.dim_customers"
[0m00:08:54.801024 [debug] [Thread-2 (]: Writing injected SQL for node "model.ecommerce_lakehouse.fct_orders"
[0m00:08:54.817030 [debug] [Thread-3 (]: Began compiling node model.ecommerce_lakehouse.dim_products
[0m00:08:54.817030 [debug] [Thread-3 (]: Writing injected SQL for node "model.ecommerce_lakehouse.dim_products"
[0m00:08:54.817030 [debug] [Thread-1 (]: Began executing node model.ecommerce_lakehouse.dim_customers
[0m00:08:54.817030 [debug] [Thread-2 (]: Began executing node model.ecommerce_lakehouse.fct_orders
[0m00:08:54.849030 [debug] [Thread-1 (]: Writing runtime sql for node "model.ecommerce_lakehouse.dim_customers"
[0m00:08:54.849030 [debug] [Thread-3 (]: Began executing node model.ecommerce_lakehouse.dim_products
[0m00:08:54.849030 [debug] [Thread-2 (]: Writing runtime sql for node "model.ecommerce_lakehouse.fct_orders"
[0m00:08:54.849030 [debug] [Thread-3 (]: Writing runtime sql for node "model.ecommerce_lakehouse.dim_products"
[0m00:08:54.849030 [debug] [Thread-1 (]: Using postgres connection "model.ecommerce_lakehouse.dim_customers"
[0m00:08:54.849030 [debug] [Thread-2 (]: Using postgres connection "model.ecommerce_lakehouse.fct_orders"
[0m00:08:54.849030 [debug] [Thread-1 (]: On model.ecommerce_lakehouse.dim_customers: /* {"app": "dbt", "dbt_version": "1.12.5", "profile_name": "ecommerce_dw_profile", "target_name": "dev", "node_id": "model.ecommerce_lakehouse.dim_customers"} */

  
    

  create  table "ecommerce_dw"."gold"."dim_customers__dbt_tmp"
  
  
    as
  
  (
    with customers as (
    select * from "ecommerce_dw"."gold"."stg_customers"
),

orders as (
    select * from "ecommerce_dw"."gold"."stg_orders"
),

customer_orders_summary as (
    select
        customer_id,
        count(order_id) as total_orders,
        min(order_purchase_timestamp) as first_order_date,
        max(order_purchase_timestamp) as last_order_date
    from orders
    group by customer_id
)

select
    c.customer_id,
    c.customer_unique_id,
    c.customer_city,
    c.customer_state,
    coalesce(s.total_orders, 0) as total_orders,
    s.first_order_date,
    s.last_order_date
from customers c
left join customer_orders_summary s on c.customer_id = s.customer_id
  );
  
[0m00:08:54.849030 [debug] [Thread-2 (]: On model.ecommerce_lakehouse.fct_orders: /* {"app": "dbt", "dbt_version": "1.12.5", "profile_name": "ecommerce_dw_profile", "target_name": "dev", "node_id": "model.ecommerce_lakehouse.fct_orders"} */

  
    

  create  table "ecommerce_dw"."gold"."fct_orders__dbt_tmp"
  
  
    as
  
  (
    with orders as (
    select * from "ecommerce_dw"."gold"."stg_orders"
),

items as (
    select
        order_id,
        count(order_item_id) as total_items_count,
        sum(price) as total_order_amount,
        sum(freight_value) as total_freight_amount,
        sum(total_item_value) as total_order_value
    from "ecommerce_dw"."gold"."stg_order_items"
    group by order_id
)

select
    o.order_id,
    o.customer_id,
    o.order_status,
    o.order_purchase_timestamp,
    o.order_delivered_customer_date,
    o.order_estimated_delivery_date,
    o.actual_delivery_days,
    o.is_delayed,
    coalesce(i.total_items_count, 0) as total_items_count,
    coalesce(i.total_order_amount, 0) as total_order_amount,
    coalesce(i.total_freight_amount, 0) as total_freight_amount,
    coalesce(i.total_order_value, 0) as total_order_value
from orders o
left join items i on o.order_id = i.order_id
  );
  
[0m00:08:54.864976 [debug] [Thread-3 (]: Using postgres connection "model.ecommerce_lakehouse.dim_products"
[0m00:08:54.864976 [debug] [Thread-1 (]: Opening a new connection, currently in state closed
[0m00:08:54.864976 [debug] [Thread-2 (]: Opening a new connection, currently in state closed
[0m00:08:54.864976 [debug] [Thread-3 (]: On model.ecommerce_lakehouse.dim_products: /* {"app": "dbt", "dbt_version": "1.12.5", "profile_name": "ecommerce_dw_profile", "target_name": "dev", "node_id": "model.ecommerce_lakehouse.dim_products"} */

  
    

  create  table "ecommerce_dw"."gold"."dim_products__dbt_tmp"
  
  
    as
  
  (
    with products as (
    select * from "ecommerce_dw"."gold"."stg_products"
)

select
    product_id,
    product_category_name,
    product_weight_g
from products
  );
  
[0m00:08:54.864976 [debug] [Thread-3 (]: Opening a new connection, currently in state closed
[0m00:08:54.963280 [debug] [Thread-3 (]: SQL status: SELECT 32951 in 0.095 seconds
[0m00:08:54.971505 [debug] [Thread-3 (]: Using postgres connection "model.ecommerce_lakehouse.dim_products"
[0m00:08:54.972517 [debug] [Thread-3 (]: On model.ecommerce_lakehouse.dim_products: /* {"app": "dbt", "dbt_version": "1.12.5", "profile_name": "ecommerce_dw_profile", "target_name": "dev", "node_id": "model.ecommerce_lakehouse.dim_products"} */
alter table "ecommerce_dw"."gold"."dim_products" rename to "dim_products__dbt_backup"
[0m00:08:54.974540 [debug] [Thread-3 (]: SQL status: ALTER TABLE in 0.002 seconds
[0m00:08:54.977577 [debug] [Thread-3 (]: Using postgres connection "model.ecommerce_lakehouse.dim_products"
[0m00:08:54.979591 [debug] [Thread-3 (]: On model.ecommerce_lakehouse.dim_products: /* {"app": "dbt", "dbt_version": "1.12.5", "profile_name": "ecommerce_dw_profile", "target_name": "dev", "node_id": "model.ecommerce_lakehouse.dim_products"} */
alter table "ecommerce_dw"."gold"."dim_products__dbt_tmp" rename to "dim_products"
[0m00:08:54.982104 [debug] [Thread-3 (]: SQL status: ALTER TABLE in 0.002 seconds
[0m00:08:54.984073 [debug] [Thread-3 (]: On model.ecommerce_lakehouse.dim_products: COMMIT
[0m00:08:54.986084 [debug] [Thread-3 (]: Using postgres connection "model.ecommerce_lakehouse.dim_products"
[0m00:08:54.986084 [debug] [Thread-3 (]: On model.ecommerce_lakehouse.dim_products: COMMIT
[0m00:08:54.999777 [debug] [Thread-3 (]: SQL status: COMMIT in 0.016 seconds
[0m00:08:55.005459 [debug] [Thread-3 (]: Applying DROP to: "ecommerce_dw"."gold"."dim_products__dbt_backup"
[0m00:08:55.007467 [debug] [Thread-3 (]: Using postgres connection "model.ecommerce_lakehouse.dim_products"
[0m00:08:55.007467 [debug] [Thread-3 (]: On model.ecommerce_lakehouse.dim_products: /* {"app": "dbt", "dbt_version": "1.12.5", "profile_name": "ecommerce_dw_profile", "target_name": "dev", "node_id": "model.ecommerce_lakehouse.dim_products"} */
drop table if exists "ecommerce_dw"."gold"."dim_products__dbt_backup" cascade
[0m00:08:55.017236 [debug] [Thread-3 (]: SQL status: DROP TABLE in 0.005 seconds
[0m00:08:55.017236 [debug] [Thread-3 (]: On model.ecommerce_lakehouse.dim_products: Close
[0m00:08:55.017236 [debug] [Thread-3 (]: Sending event: {'category': 'dbt', 'action': 'run_model', 'label': '9fca7294-e975-42a9-9c47-5ac7b0fa8b43', 'context': [<snowplow_tracker.self_describing_json.SelfDescribingJson object at 0x000002D9209DD210>]}
[0m00:08:55.023352 [info ] [Thread-3 (]: 7 of 7 OK created sql table model gold.dim_products ............................ [[32mSELECT 32951[0m in 0.22s]
[0m00:08:55.024897 [debug] [Thread-3 (]: Finished running node model.ecommerce_lakehouse.dim_products
[0m00:08:55.633793 [debug] [Thread-1 (]: SQL status: SELECT 99441 in 0.768 seconds
[0m00:08:55.636819 [debug] [Thread-1 (]: Using postgres connection "model.ecommerce_lakehouse.dim_customers"
[0m00:08:55.636819 [debug] [Thread-1 (]: On model.ecommerce_lakehouse.dim_customers: /* {"app": "dbt", "dbt_version": "1.12.5", "profile_name": "ecommerce_dw_profile", "target_name": "dev", "node_id": "model.ecommerce_lakehouse.dim_customers"} */
alter table "ecommerce_dw"."gold"."dim_customers" rename to "dim_customers__dbt_backup"
[0m00:08:55.639856 [debug] [Thread-1 (]: SQL status: ALTER TABLE in 0.002 seconds
[0m00:08:55.645894 [debug] [Thread-1 (]: Using postgres connection "model.ecommerce_lakehouse.dim_customers"
[0m00:08:55.647271 [debug] [Thread-1 (]: On model.ecommerce_lakehouse.dim_customers: /* {"app": "dbt", "dbt_version": "1.12.5", "profile_name": "ecommerce_dw_profile", "target_name": "dev", "node_id": "model.ecommerce_lakehouse.dim_customers"} */
alter table "ecommerce_dw"."gold"."dim_customers__dbt_tmp" rename to "dim_customers"
[0m00:08:55.649284 [debug] [Thread-1 (]: SQL status: ALTER TABLE in 0.002 seconds
[0m00:08:55.653314 [debug] [Thread-1 (]: On model.ecommerce_lakehouse.dim_customers: COMMIT
[0m00:08:55.653314 [debug] [Thread-1 (]: Using postgres connection "model.ecommerce_lakehouse.dim_customers"
[0m00:08:55.655330 [debug] [Thread-1 (]: On model.ecommerce_lakehouse.dim_customers: COMMIT
[0m00:08:55.673048 [debug] [Thread-1 (]: SQL status: COMMIT in 0.020 seconds
[0m00:08:55.678696 [debug] [Thread-1 (]: Applying DROP to: "ecommerce_dw"."gold"."dim_customers__dbt_backup"
[0m00:08:55.680711 [debug] [Thread-1 (]: Using postgres connection "model.ecommerce_lakehouse.dim_customers"
[0m00:08:55.680711 [debug] [Thread-1 (]: On model.ecommerce_lakehouse.dim_customers: /* {"app": "dbt", "dbt_version": "1.12.5", "profile_name": "ecommerce_dw_profile", "target_name": "dev", "node_id": "model.ecommerce_lakehouse.dim_customers"} */
drop table if exists "ecommerce_dw"."gold"."dim_customers__dbt_backup" cascade
[0m00:08:55.691192 [debug] [Thread-1 (]: SQL status: DROP TABLE in 0.009 seconds
[0m00:08:55.693209 [debug] [Thread-1 (]: On model.ecommerce_lakehouse.dim_customers: Close
[0m00:08:55.695223 [debug] [Thread-1 (]: Sending event: {'category': 'dbt', 'action': 'run_model', 'label': '9fca7294-e975-42a9-9c47-5ac7b0fa8b43', 'context': [<snowplow_tracker.self_describing_json.SelfDescribingJson object at 0x000002D920A5D6D0>]}
[0m00:08:55.697242 [info ] [Thread-1 (]: 5 of 7 OK created sql table model gold.dim_customers ........................... [[32mSELECT 99441[0m in 0.89s]
[0m00:08:55.699268 [debug] [Thread-1 (]: Finished running node model.ecommerce_lakehouse.dim_customers
[0m00:08:55.704990 [debug] [Thread-2 (]: SQL status: SELECT 99441 in 0.840 seconds
[0m00:08:55.709610 [debug] [Thread-2 (]: Using postgres connection "model.ecommerce_lakehouse.fct_orders"
[0m00:08:55.709610 [debug] [Thread-2 (]: On model.ecommerce_lakehouse.fct_orders: /* {"app": "dbt", "dbt_version": "1.12.5", "profile_name": "ecommerce_dw_profile", "target_name": "dev", "node_id": "model.ecommerce_lakehouse.fct_orders"} */
alter table "ecommerce_dw"."gold"."fct_orders" rename to "fct_orders__dbt_backup"
[0m00:08:55.711121 [debug] [Thread-2 (]: SQL status: ALTER TABLE in 0.002 seconds
[0m00:08:55.711121 [debug] [Thread-2 (]: Using postgres connection "model.ecommerce_lakehouse.fct_orders"
[0m00:08:55.711121 [debug] [Thread-2 (]: On model.ecommerce_lakehouse.fct_orders: /* {"app": "dbt", "dbt_version": "1.12.5", "profile_name": "ecommerce_dw_profile", "target_name": "dev", "node_id": "model.ecommerce_lakehouse.fct_orders"} */
alter table "ecommerce_dw"."gold"."fct_orders__dbt_tmp" rename to "fct_orders"
[0m00:08:55.711121 [debug] [Thread-2 (]: SQL status: ALTER TABLE in 0.001 seconds
[0m00:08:55.720635 [debug] [Thread-2 (]: On model.ecommerce_lakehouse.fct_orders: COMMIT
[0m00:08:55.720635 [debug] [Thread-2 (]: Using postgres connection "model.ecommerce_lakehouse.fct_orders"
[0m00:08:55.720635 [debug] [Thread-2 (]: On model.ecommerce_lakehouse.fct_orders: COMMIT
[0m00:08:55.720635 [debug] [Thread-2 (]: SQL status: COMMIT in 0.005 seconds
[0m00:08:55.720635 [debug] [Thread-2 (]: Applying DROP to: "ecommerce_dw"."gold"."fct_orders__dbt_backup"
[0m00:08:55.720635 [debug] [Thread-2 (]: Using postgres connection "model.ecommerce_lakehouse.fct_orders"
[0m00:08:55.720635 [debug] [Thread-2 (]: On model.ecommerce_lakehouse.fct_orders: /* {"app": "dbt", "dbt_version": "1.12.5", "profile_name": "ecommerce_dw_profile", "target_name": "dev", "node_id": "model.ecommerce_lakehouse.fct_orders"} */
drop table if exists "ecommerce_dw"."gold"."fct_orders__dbt_backup" cascade
[0m00:08:55.736273 [debug] [Thread-2 (]: SQL status: DROP TABLE in 0.004 seconds
[0m00:08:55.736273 [debug] [Thread-2 (]: On model.ecommerce_lakehouse.fct_orders: Close
[0m00:08:55.736273 [debug] [Thread-2 (]: Sending event: {'category': 'dbt', 'action': 'run_model', 'label': '9fca7294-e975-42a9-9c47-5ac7b0fa8b43', 'context': [<snowplow_tracker.self_describing_json.SelfDescribingJson object at 0x000002D920A2F0D0>]}
[0m00:08:55.736273 [info ] [Thread-2 (]: 6 of 7 OK created sql table model gold.fct_orders .............................. [[32mSELECT 99441[0m in 0.94s]
[0m00:08:55.736273 [debug] [Thread-2 (]: Finished running node model.ecommerce_lakehouse.fct_orders
[0m00:08:55.736273 [debug] [MainThread]: On master: COMMIT
[0m00:08:55.736273 [debug] [MainThread]: Using postgres connection "master"
[0m00:08:55.736273 [debug] [MainThread]: On master: COMMIT
[0m00:08:55.736273 [debug] [MainThread]: Opening a new connection, currently in state closed
[0m00:08:55.767781 [debug] [MainThread]: SQL status: COMMIT in 0.020 seconds
[0m00:08:55.767781 [debug] [MainThread]: On master: Close
[0m00:08:55.767781 [debug] [MainThread]: Connection 'master' was properly closed.
[0m00:08:55.767781 [debug] [MainThread]: Connection 'list_ecommerce_dw' was properly closed.
[0m00:08:55.767781 [debug] [MainThread]: Connection 'list_ecommerce_dw_gold' was properly closed.
[0m00:08:55.767781 [debug] [MainThread]: Connection 'model.ecommerce_lakehouse.dim_customers' was properly closed.
[0m00:08:55.776563 [debug] [MainThread]: Connection 'model.ecommerce_lakehouse.fct_orders' was properly closed.
[0m00:08:55.776563 [debug] [MainThread]: Connection 'model.ecommerce_lakehouse.dim_products' was properly closed.
[0m00:08:55.776563 [debug] [MainThread]: Connection 'model.ecommerce_lakehouse.stg_products' was properly closed.
[0m00:08:55.778573 [info ] [MainThread]: 
[0m00:08:55.778573 [info ] [MainThread]: Finished running 3 table models, 4 view models in 0 hours 0 minutes and 1.51 seconds (1.51s).
[0m00:08:55.782483 [debug] [MainThread]: Command end result
[0m00:08:55.830931 [debug] [MainThread]: Wrote artifact WritableManifest to C:\Users\AH Info\Desktop\PROJECT_BI\modern-lakehouse-ecommerce\dbt_project\target\manifest.json
[0m00:08:55.846932 [debug] [MainThread]: Wrote artifact SemanticManifest to C:\Users\AH Info\Desktop\PROJECT_BI\modern-lakehouse-ecommerce\dbt_project\target\semantic_manifest.json
[0m00:08:55.846932 [debug] [MainThread]: Wrote artifact OsiDocument to C:\Users\AH Info\Desktop\PROJECT_BI\modern-lakehouse-ecommerce\dbt_project\target\osi_document.json
[0m00:08:55.862586 [debug] [MainThread]: Wrote artifact RunExecutionResult to C:\Users\AH Info\Desktop\PROJECT_BI\modern-lakehouse-ecommerce\dbt_project\target\run_results.json
[0m00:08:55.862586 [info ] [MainThread]: 
[0m00:08:55.862586 [info ] [MainThread]: [32mCompleted successfully[0m
[0m00:08:55.870255 [info ] [MainThread]: 
[0m00:08:55.870255 [info ] [MainThread]: Done. PASS=7 WARN=0 ERROR=0 SKIP=0 NO-OP=0 REUSED=0 TOTAL=7
[0m00:08:55.870255 [debug] [MainThread]: Command `dbt run` succeeded at 00:08:55.870255 after 3.12 seconds
[0m00:08:55.870255 [debug] [MainThread]: Sending event: {'category': 'dbt', 'action': 'invocation', 'label': 'end', 'context': [<snowplow_tracker.self_describing_json.SelfDescribingJson object at 0x000002D91FD64F50>, <snowplow_tracker.self_describing_json.SelfDescribingJson object at 0x000002D91FE34C90>, <snowplow_tracker.self_describing_json.SelfDescribingJson object at 0x000002D91FE47BD0>]}
[0m00:08:55.870255 [debug] [MainThread]: Flushing usage events
[0m00:08:56.546068 [debug] [MainThread]: An error was encountered while trying to flush usage events
[0m00:08:59.790745 [debug] [MainThread]: Sending event: {'category': 'dbt', 'action': 'invocation', 'label': 'start', 'context': [<snowplow_tracker.self_describing_json.SelfDescribingJson object at 0x000001B10DA17E50>, <snowplow_tracker.self_describing_json.SelfDescribingJson object at 0x000001B10DA16350>, <snowplow_tracker.self_describing_json.SelfDescribingJson object at 0x000001B10DA16590>]}


============================== 00:08:59.790745 | f2735082-570d-47db-b928-f505661a1fb0 ==============================
[0m00:08:59.790745 [info ] [MainThread]: Running with dbt=1.12.5
[0m00:08:59.790745 [debug] [MainThread]: running dbt with arguments {'version_check': 'True', 'no_print': 'None', 'static_parser': 'True', 'target_path': 'None', 'warn_error_options': 'WarnErrorOptionsV2(error=[], warn=[], silence=[])', 'maximum_seed_size_mib': '1', 'printer_width': '80', 'write_json': 'True', 'introspect': 'True', 'log_cache_events': 'False', 'empty': 'None', 'cache_selected_only': 'False', 'log_format': 'default', 'debug': 'False', 'fail_fast': 'False', 'partial_parse': 'True', 'send_anonymous_usage_stats': 'True', 'quiet': 'False', 'warn_error': 'None', 'profiles_dir': '.', 'invocation_command': 'dbt test --profiles-dir .', 'hints_enabled': 'True', 'indirect_selection': 'eager', 'use_experimental_parser': 'False', 'use_colors': 'True', 'log_path': 'C:\\Users\\AH Info\\Desktop\\PROJECT_BI\\modern-lakehouse-ecommerce\\dbt_project\\logs'}
[0m00:09:00.061103 [debug] [MainThread]: Sending event: {'category': 'dbt', 'action': 'project_id', 'label': 'f2735082-570d-47db-b928-f505661a1fb0', 'context': [<snowplow_tracker.self_describing_json.SelfDescribingJson object at 0x000001B10DD18C90>]}
[0m00:09:00.156622 [debug] [MainThread]: Sending event: {'category': 'dbt', 'action': 'adapter_info', 'label': 'f2735082-570d-47db-b928-f505661a1fb0', 'context': [<snowplow_tracker.self_describing_json.SelfDescribingJson object at 0x000001B10923DC10>]}
[0m00:09:00.156622 [info ] [MainThread]: Registered adapter: postgres=1.11.0
[0m00:09:00.587150 [debug] [MainThread]: checksum: 47aa1655c51f4746ffe4c3e26485233df529fda9ea534f954c00dbdd96e28ce0, vars: {}, profile: ecommerce_dw_profile, target: dev, version: 1.12.5
[0m00:09:00.840804 [debug] [MainThread]: Partial parsing enabled: 0 files deleted, 0 files added, 0 files changed.
[0m00:09:00.840804 [debug] [MainThread]: Nothing changed, skipping partial parsing.
[0m00:09:00.840804 [debug] [MainThread]: Partial parsing enabled, no changes found, skipping parsing
[0m00:09:00.856886 [debug] [MainThread]: Sending event: {'category': 'dbt', 'action': 'load_project', 'label': 'f2735082-570d-47db-b928-f505661a1fb0', 'context': [<snowplow_tracker.self_describing_json.SelfDescribingJson object at 0x000001B10E1A04D0>]}
[0m00:09:01.047852 [debug] [MainThread]: Wrote artifact WritableManifest to C:\Users\AH Info\Desktop\PROJECT_BI\modern-lakehouse-ecommerce\dbt_project\target\manifest.json
[0m00:09:01.064029 [debug] [MainThread]: Wrote artifact SemanticManifest to C:\Users\AH Info\Desktop\PROJECT_BI\modern-lakehouse-ecommerce\dbt_project\target\semantic_manifest.json
[0m00:09:01.095874 [debug] [MainThread]: Wrote artifact OsiDocument to C:\Users\AH Info\Desktop\PROJECT_BI\modern-lakehouse-ecommerce\dbt_project\target\osi_document.json
[0m00:09:01.127574 [debug] [MainThread]: Sending event: {'category': 'dbt', 'action': 'resource_counts', 'label': 'f2735082-570d-47db-b928-f505661a1fb0', 'context': [<snowplow_tracker.self_describing_json.SelfDescribingJson object at 0x000001B10DCB21D0>]}
[0m00:09:01.127574 [info ] [MainThread]: Found 7 models, 8 data tests, 4 sources, 477 macros
[0m00:09:01.127574 [debug] [MainThread]: Sending event: {'category': 'dbt', 'action': 'runnable_timing', 'label': 'f2735082-570d-47db-b928-f505661a1fb0', 'context': [<snowplow_tracker.self_describing_json.SelfDescribingJson object at 0x000001B10D93FA50>]}
[0m00:09:01.135138 [info ] [MainThread]: 
[0m00:09:01.135138 [info ] [MainThread]: Concurrency: 4 threads (target='dev')
[0m00:09:01.135138 [info ] [MainThread]: 
[0m00:09:01.135138 [debug] [MainThread]: Acquiring new postgres connection 'master'
[0m00:09:01.143065 [debug] [ThreadPool]: Acquiring new postgres connection 'list_ecommerce_dw_gold'
[0m00:09:01.239164 [debug] [ThreadPool]: Using postgres connection "list_ecommerce_dw_gold"
[0m00:09:01.239164 [debug] [ThreadPool]: On list_ecommerce_dw_gold: /* {"app": "dbt", "dbt_version": "1.12.5", "profile_name": "ecommerce_dw_profile", "target_name": "dev", "connection_name": "list_ecommerce_dw_gold"} */
select
      'ecommerce_dw' as database,
      tablename as name,
      schemaname as schema,
      'table' as type
    from pg_tables
    where schemaname ilike 'gold'
    union all
    select
      'ecommerce_dw' as database,
      viewname as name,
      schemaname as schema,
      'view' as type
    from pg_views
    where schemaname ilike 'gold'
    union all
    select
      'ecommerce_dw' as database,
      matviewname as name,
      schemaname as schema,
      'materialized_view' as type
    from pg_matviews
    where schemaname ilike 'gold'
    union all
    select distinct
     'ecommerce_dw' as database,
     proname as name,
     ns.nspname as schema,
     'function' as type
    from pg_proc
     join pg_namespace as ns on pronamespace = ns.oid
    where ns.nspname ilike 'gold'
  
[0m00:09:01.239164 [debug] [ThreadPool]: Opening a new connection, currently in state init
[0m00:09:01.287453 [debug] [ThreadPool]: SQL status: SELECT 9 in 0.044 seconds
[0m00:09:01.287453 [debug] [ThreadPool]: On list_ecommerce_dw_gold: ROLLBACK
[0m00:09:01.287453 [debug] [ThreadPool]: On list_ecommerce_dw_gold: Close
[0m00:09:01.303208 [debug] [MainThread]: Using postgres connection "master"
[0m00:09:01.303208 [debug] [MainThread]: On master: /* {"app": "dbt", "dbt_version": "1.12.5", "profile_name": "ecommerce_dw_profile", "target_name": "dev", "connection_name": "master"} */
select distinct
        dependent_namespace.nspname as dependent_schema,
        dependent_class.relname as dependent_name,
        referenced_namespace.nspname as referenced_schema,
        referenced_class.relname as referenced_name

    -- Query for views: views are entries in pg_class with an entry in pg_rewrite, but we avoid
    -- a seq scan on pg_rewrite by leveraging the fact there is an "internal" row in pg_depend for
    -- the view...
    from pg_class as dependent_class
    join pg_namespace as dependent_namespace on dependent_namespace.oid = dependent_class.relnamespace
    join pg_depend as dependent_depend on dependent_depend.refobjid = dependent_class.oid
        and dependent_depend.classid = 'pg_rewrite'::regclass
        and dependent_depend.refclassid = 'pg_class'::regclass
        and dependent_depend.deptype = 'i'

    -- ... and via pg_depend (that has a row per column, hence the need for "distinct" above, and
    -- making sure to exclude the internal row to avoid a view appearing to depend on itself)...
    join pg_depend as joining_depend on joining_depend.objid = dependent_depend.objid
        and joining_depend.classid = 'pg_rewrite'::regclass
        and joining_depend.refclassid = 'pg_class'::regclass
        and joining_depend.refobjid != dependent_depend.refobjid

    -- ... we can find the tables they query from in pg_class, but excluding system tables. Note we
    -- don't need need to exclude _dependent_ system tables, because they only query from other
    -- system tables, and so are automatically excluded by excluding _referenced_ system tables
    join pg_class as referenced_class on referenced_class.oid = joining_depend.refobjid
    join pg_namespace as referenced_namespace on referenced_namespace.oid = referenced_class.relnamespace
        and referenced_namespace.nspname != 'information_schema'
        and referenced_namespace.nspname not like 'pg\_%'

    order by
        dependent_schema, dependent_name, referenced_schema, referenced_name;
[0m00:09:01.303208 [debug] [MainThread]: Opening a new connection, currently in state init
[0m00:09:01.337951 [debug] [MainThread]: SQL status: SELECT 4 in 0.030 seconds
[0m00:09:01.339649 [debug] [MainThread]: Sending event: {'category': 'dbt', 'action': 'runnable_timing', 'label': 'f2735082-570d-47db-b928-f505661a1fb0', 'context': [<snowplow_tracker.self_describing_json.SelfDescribingJson object at 0x000001B10E09AD50>]}
[0m00:09:01.340222 [debug] [MainThread]: On master: ROLLBACK
[0m00:09:01.340222 [debug] [MainThread]: On master: COMMIT
[0m00:09:01.340222 [debug] [MainThread]: Using postgres connection "master"
[0m00:09:01.340222 [debug] [MainThread]: On master: COMMIT
[0m00:09:01.340222 [debug] [MainThread]: SQL status: COMMIT in 0.002 seconds
[0m00:09:01.340222 [debug] [MainThread]: On master: Close
[0m00:09:01.349896 [debug] [Thread-1 (]: Began running node test.ecommerce_lakehouse.not_null_dim_customers_customer_id.dd91cd1c8d
[0m00:09:01.349896 [debug] [Thread-2 (]: Began running node test.ecommerce_lakehouse.not_null_dim_products_product_id.c8aba288d1
[0m00:09:01.349896 [debug] [Thread-3 (]: Began running node test.ecommerce_lakehouse.not_null_fct_orders_customer_id.16fe324f7b
[0m00:09:01.349896 [debug] [Thread-4 (]: Began running node test.ecommerce_lakehouse.not_null_fct_orders_order_id.4e687af8d0
[0m00:09:01.349896 [info ] [Thread-1 (]: 1 of 8 START test not_null_dim_customers_customer_id ........................... [RUN]
[0m00:09:01.349896 [info ] [Thread-2 (]: 2 of 8 START test not_null_dim_products_product_id ............................. [RUN]
[0m00:09:01.349896 [info ] [Thread-3 (]: 3 of 8 START test not_null_fct_orders_customer_id .............................. [RUN]
[0m00:09:01.349896 [info ] [Thread-4 (]: 4 of 8 START test not_null_fct_orders_order_id ................................. [RUN]
[0m00:09:01.349896 [debug] [Thread-1 (]: Acquiring new postgres connection 'test.ecommerce_lakehouse.not_null_dim_customers_customer_id.dd91cd1c8d'
[0m00:09:01.359820 [debug] [Thread-2 (]: Acquiring new postgres connection 'test.ecommerce_lakehouse.not_null_dim_products_product_id.c8aba288d1'
[0m00:09:01.359820 [debug] [Thread-3 (]: Acquiring new postgres connection 'test.ecommerce_lakehouse.not_null_fct_orders_customer_id.16fe324f7b'
[0m00:09:01.359820 [debug] [Thread-4 (]: Acquiring new postgres connection 'test.ecommerce_lakehouse.not_null_fct_orders_order_id.4e687af8d0'
[0m00:09:01.361826 [debug] [Thread-1 (]: Began compiling node test.ecommerce_lakehouse.not_null_dim_customers_customer_id.dd91cd1c8d
[0m00:09:01.361826 [debug] [Thread-2 (]: Began compiling node test.ecommerce_lakehouse.not_null_dim_products_product_id.c8aba288d1
[0m00:09:01.361826 [debug] [Thread-3 (]: Began compiling node test.ecommerce_lakehouse.not_null_fct_orders_customer_id.16fe324f7b
[0m00:09:01.361826 [debug] [Thread-4 (]: Began compiling node test.ecommerce_lakehouse.not_null_fct_orders_order_id.4e687af8d0
[0m00:09:01.381384 [debug] [Thread-1 (]: Writing injected SQL for node "test.ecommerce_lakehouse.not_null_dim_customers_customer_id.dd91cd1c8d"
[0m00:09:01.381384 [debug] [Thread-2 (]: Writing injected SQL for node "test.ecommerce_lakehouse.not_null_dim_products_product_id.c8aba288d1"
[0m00:09:01.397507 [debug] [Thread-3 (]: Writing injected SQL for node "test.ecommerce_lakehouse.not_null_fct_orders_customer_id.16fe324f7b"
[0m00:09:01.413300 [debug] [Thread-4 (]: Writing injected SQL for node "test.ecommerce_lakehouse.not_null_fct_orders_order_id.4e687af8d0"
[0m00:09:01.413300 [debug] [Thread-1 (]: Began executing node test.ecommerce_lakehouse.not_null_dim_customers_customer_id.dd91cd1c8d
[0m00:09:01.415310 [debug] [Thread-2 (]: Began executing node test.ecommerce_lakehouse.not_null_dim_products_product_id.c8aba288d1
[0m00:09:01.417325 [debug] [Thread-3 (]: Began executing node test.ecommerce_lakehouse.not_null_fct_orders_customer_id.16fe324f7b
[0m00:09:01.439145 [debug] [Thread-1 (]: Writing runtime sql for node "test.ecommerce_lakehouse.not_null_dim_customers_customer_id.dd91cd1c8d"
[0m00:09:01.439145 [debug] [Thread-4 (]: Began executing node test.ecommerce_lakehouse.not_null_fct_orders_order_id.4e687af8d0
[0m00:09:01.441152 [debug] [Thread-2 (]: Writing runtime sql for node "test.ecommerce_lakehouse.not_null_dim_products_product_id.c8aba288d1"
[0m00:09:01.444912 [debug] [Thread-3 (]: Writing runtime sql for node "test.ecommerce_lakehouse.not_null_fct_orders_customer_id.16fe324f7b"
[0m00:09:01.446922 [debug] [Thread-4 (]: Writing runtime sql for node "test.ecommerce_lakehouse.not_null_fct_orders_order_id.4e687af8d0"
[0m00:09:01.448930 [debug] [Thread-1 (]: Using postgres connection "test.ecommerce_lakehouse.not_null_dim_customers_customer_id.dd91cd1c8d"
[0m00:09:01.450939 [debug] [Thread-2 (]: Using postgres connection "test.ecommerce_lakehouse.not_null_dim_products_product_id.c8aba288d1"
[0m00:09:01.450939 [debug] [Thread-1 (]: On test.ecommerce_lakehouse.not_null_dim_customers_customer_id.dd91cd1c8d: /* {"app": "dbt", "dbt_version": "1.12.5", "profile_name": "ecommerce_dw_profile", "target_name": "dev", "node_id": "test.ecommerce_lakehouse.not_null_dim_customers_customer_id.dd91cd1c8d"} */

    
    select
      count(*) as failures,
      count(*) != 0 as should_warn,
      count(*) != 0 as should_error
    from (
      
    
  
    
    



select customer_id
from "ecommerce_dw"."gold"."dim_customers"
where customer_id is null



  
  
      
    ) dbt_internal_test
[0m00:09:01.450939 [debug] [Thread-3 (]: Using postgres connection "test.ecommerce_lakehouse.not_null_fct_orders_customer_id.16fe324f7b"
[0m00:09:01.450939 [debug] [Thread-2 (]: On test.ecommerce_lakehouse.not_null_dim_products_product_id.c8aba288d1: /* {"app": "dbt", "dbt_version": "1.12.5", "profile_name": "ecommerce_dw_profile", "target_name": "dev", "node_id": "test.ecommerce_lakehouse.not_null_dim_products_product_id.c8aba288d1"} */

    
    select
      count(*) as failures,
      count(*) != 0 as should_warn,
      count(*) != 0 as should_error
    from (
      
    
  
    
    



select product_id
from "ecommerce_dw"."gold"."dim_products"
where product_id is null



  
  
      
    ) dbt_internal_test
[0m00:09:01.450939 [debug] [Thread-4 (]: Using postgres connection "test.ecommerce_lakehouse.not_null_fct_orders_order_id.4e687af8d0"
[0m00:09:01.450939 [debug] [Thread-1 (]: Opening a new connection, currently in state init
[0m00:09:01.450939 [debug] [Thread-3 (]: On test.ecommerce_lakehouse.not_null_fct_orders_customer_id.16fe324f7b: /* {"app": "dbt", "dbt_version": "1.12.5", "profile_name": "ecommerce_dw_profile", "target_name": "dev", "node_id": "test.ecommerce_lakehouse.not_null_fct_orders_customer_id.16fe324f7b"} */

    
    select
      count(*) as failures,
      count(*) != 0 as should_warn,
      count(*) != 0 as should_error
    from (
      
    
  
    
    



select customer_id
from "ecommerce_dw"."gold"."fct_orders"
where customer_id is null



  
  
      
    ) dbt_internal_test
[0m00:09:01.450939 [debug] [Thread-2 (]: Opening a new connection, currently in state init
[0m00:09:01.450939 [debug] [Thread-4 (]: On test.ecommerce_lakehouse.not_null_fct_orders_order_id.4e687af8d0: /* {"app": "dbt", "dbt_version": "1.12.5", "profile_name": "ecommerce_dw_profile", "target_name": "dev", "node_id": "test.ecommerce_lakehouse.not_null_fct_orders_order_id.4e687af8d0"} */

    
    select
      count(*) as failures,
      count(*) != 0 as should_warn,
      count(*) != 0 as should_error
    from (
      
    
  
    
    



select order_id
from "ecommerce_dw"."gold"."fct_orders"
where order_id is null



  
  
      
    ) dbt_internal_test
[0m00:09:01.450939 [debug] [Thread-3 (]: Opening a new connection, currently in state init
[0m00:09:01.450939 [debug] [Thread-4 (]: Opening a new connection, currently in state init
[0m00:09:01.497875 [debug] [Thread-2 (]: SQL status: SELECT 1 in 0.045 seconds
[0m00:09:01.510032 [debug] [Thread-2 (]: On test.ecommerce_lakehouse.not_null_dim_products_product_id.c8aba288d1: ROLLBACK
[0m00:09:01.516558 [debug] [Thread-1 (]: SQL status: SELECT 1 in 0.060 seconds
[0m00:09:01.516558 [debug] [Thread-1 (]: On test.ecommerce_lakehouse.not_null_dim_customers_customer_id.dd91cd1c8d: ROLLBACK
[0m00:09:01.521014 [debug] [Thread-2 (]: On test.ecommerce_lakehouse.not_null_dim_products_product_id.c8aba288d1: Close
[0m00:09:01.521014 [debug] [Thread-4 (]: SQL status: SELECT 1 in 0.062 seconds
[0m00:09:01.521014 [debug] [Thread-3 (]: SQL status: SELECT 1 in 0.064 seconds
[0m00:09:01.524142 [debug] [Thread-1 (]: On test.ecommerce_lakehouse.not_null_dim_customers_customer_id.dd91cd1c8d: Close
[0m00:09:01.524142 [info ] [Thread-2 (]: 2 of 8 PASS not_null_dim_products_product_id ................................... [[32mPASS[0m in 0.17s]
[0m00:09:01.524142 [debug] [Thread-4 (]: On test.ecommerce_lakehouse.not_null_fct_orders_order_id.4e687af8d0: ROLLBACK
[0m00:09:01.524142 [debug] [Thread-3 (]: On test.ecommerce_lakehouse.not_null_fct_orders_customer_id.16fe324f7b: ROLLBACK
[0m00:09:01.524142 [info ] [Thread-1 (]: 1 of 8 PASS not_null_dim_customers_customer_id ................................. [[32mPASS[0m in 0.17s]
[0m00:09:01.524142 [debug] [Thread-2 (]: Finished running node test.ecommerce_lakehouse.not_null_dim_products_product_id.c8aba288d1
[0m00:09:01.539844 [debug] [Thread-1 (]: Finished running node test.ecommerce_lakehouse.not_null_dim_customers_customer_id.dd91cd1c8d
[0m00:09:01.539844 [debug] [Thread-4 (]: On test.ecommerce_lakehouse.not_null_fct_orders_order_id.4e687af8d0: Close
[0m00:09:01.539844 [debug] [Thread-3 (]: On test.ecommerce_lakehouse.not_null_fct_orders_customer_id.16fe324f7b: Close
[0m00:09:01.539844 [debug] [Thread-2 (]: Began running node test.ecommerce_lakehouse.relationships_fct_orders_customer_id__customer_id__ref_dim_customers_.d5636051d4
[0m00:09:01.539844 [debug] [Thread-1 (]: Began running node test.ecommerce_lakehouse.unique_dim_customers_customer_id.15c9f1e2fd
[0m00:09:01.539844 [info ] [Thread-4 (]: 4 of 8 PASS not_null_fct_orders_order_id ....................................... [[32mPASS[0m in 0.18s]
[0m00:09:01.539844 [info ] [Thread-3 (]: 3 of 8 PASS not_null_fct_orders_customer_id .................................... [[32mPASS[0m in 0.18s]
[0m00:09:01.539844 [info ] [Thread-2 (]: 5 of 8 START test relationships_fct_orders_customer_id__customer_id__ref_dim_customers_  [RUN]
[0m00:09:01.539844 [info ] [Thread-1 (]: 6 of 8 START test unique_dim_customers_customer_id ............................. [RUN]
[0m00:09:01.539844 [debug] [Thread-4 (]: Finished running node test.ecommerce_lakehouse.not_null_fct_orders_order_id.4e687af8d0
[0m00:09:01.539844 [debug] [Thread-3 (]: Finished running node test.ecommerce_lakehouse.not_null_fct_orders_customer_id.16fe324f7b
[0m00:09:01.539844 [debug] [Thread-2 (]: Re-using an available connection from the pool (formerly test.ecommerce_lakehouse.not_null_dim_products_product_id.c8aba288d1, now test.ecommerce_lakehouse.relationships_fct_orders_customer_id__customer_id__ref_dim_customers_.d5636051d4)
[0m00:09:01.539844 [debug] [Thread-1 (]: Re-using an available connection from the pool (formerly test.ecommerce_lakehouse.not_null_dim_customers_customer_id.dd91cd1c8d, now test.ecommerce_lakehouse.unique_dim_customers_customer_id.15c9f1e2fd)
[0m00:09:01.539844 [debug] [Thread-4 (]: Began running node test.ecommerce_lakehouse.unique_dim_products_product_id.ef7b2a9985
[0m00:09:01.555711 [debug] [Thread-3 (]: Began running node test.ecommerce_lakehouse.unique_fct_orders_order_id.523ddb6ce5
[0m00:09:01.555711 [debug] [Thread-2 (]: Began compiling node test.ecommerce_lakehouse.relationships_fct_orders_customer_id__customer_id__ref_dim_customers_.d5636051d4
[0m00:09:01.557876 [debug] [Thread-1 (]: Began compiling node test.ecommerce_lakehouse.unique_dim_customers_customer_id.15c9f1e2fd
[0m00:09:01.557876 [info ] [Thread-4 (]: 7 of 8 START test unique_dim_products_product_id ............................... [RUN]
[0m00:09:01.557876 [info ] [Thread-3 (]: 8 of 8 START test unique_fct_orders_order_id ................................... [RUN]
[0m00:09:01.591784 [debug] [Thread-2 (]: Writing injected SQL for node "test.ecommerce_lakehouse.relationships_fct_orders_customer_id__customer_id__ref_dim_customers_.d5636051d4"
[0m00:09:01.603392 [debug] [Thread-1 (]: Writing injected SQL for node "test.ecommerce_lakehouse.unique_dim_customers_customer_id.15c9f1e2fd"
[0m00:09:01.603392 [debug] [Thread-4 (]: Re-using an available connection from the pool (formerly test.ecommerce_lakehouse.not_null_fct_orders_order_id.4e687af8d0, now test.ecommerce_lakehouse.unique_dim_products_product_id.ef7b2a9985)
[0m00:09:01.603392 [debug] [Thread-3 (]: Re-using an available connection from the pool (formerly test.ecommerce_lakehouse.not_null_fct_orders_customer_id.16fe324f7b, now test.ecommerce_lakehouse.unique_fct_orders_order_id.523ddb6ce5)
[0m00:09:01.603392 [debug] [Thread-4 (]: Began compiling node test.ecommerce_lakehouse.unique_dim_products_product_id.ef7b2a9985
[0m00:09:01.603392 [debug] [Thread-2 (]: Began executing node test.ecommerce_lakehouse.relationships_fct_orders_customer_id__customer_id__ref_dim_customers_.d5636051d4
[0m00:09:01.603392 [debug] [Thread-3 (]: Began compiling node test.ecommerce_lakehouse.unique_fct_orders_order_id.523ddb6ce5
[0m00:09:01.603392 [debug] [Thread-1 (]: Began executing node test.ecommerce_lakehouse.unique_dim_customers_customer_id.15c9f1e2fd
[0m00:09:01.603392 [debug] [Thread-4 (]: Writing injected SQL for node "test.ecommerce_lakehouse.unique_dim_products_product_id.ef7b2a9985"
[0m00:09:01.619380 [debug] [Thread-2 (]: Writing runtime sql for node "test.ecommerce_lakehouse.relationships_fct_orders_customer_id__customer_id__ref_dim_customers_.d5636051d4"
[0m00:09:01.619380 [debug] [Thread-3 (]: Writing injected SQL for node "test.ecommerce_lakehouse.unique_fct_orders_order_id.523ddb6ce5"
[0m00:09:01.619380 [debug] [Thread-1 (]: Writing runtime sql for node "test.ecommerce_lakehouse.unique_dim_customers_customer_id.15c9f1e2fd"
[0m00:09:01.635301 [debug] [Thread-4 (]: Began executing node test.ecommerce_lakehouse.unique_dim_products_product_id.ef7b2a9985
[0m00:09:01.635301 [debug] [Thread-2 (]: Using postgres connection "test.ecommerce_lakehouse.relationships_fct_orders_customer_id__customer_id__ref_dim_customers_.d5636051d4"
[0m00:09:01.635301 [debug] [Thread-3 (]: Began executing node test.ecommerce_lakehouse.unique_fct_orders_order_id.523ddb6ce5
[0m00:09:01.635301 [debug] [Thread-4 (]: Writing runtime sql for node "test.ecommerce_lakehouse.unique_dim_products_product_id.ef7b2a9985"
[0m00:09:01.635301 [debug] [Thread-2 (]: On test.ecommerce_lakehouse.relationships_fct_orders_customer_id__customer_id__ref_dim_customers_.d5636051d4: /* {"app": "dbt", "dbt_version": "1.12.5", "profile_name": "ecommerce_dw_profile", "target_name": "dev", "node_id": "test.ecommerce_lakehouse.relationships_fct_orders_customer_id__customer_id__ref_dim_customers_.d5636051d4"} */

    
    select
      count(*) as failures,
      count(*) != 0 as should_warn,
      count(*) != 0 as should_error
    from (
      
    
  
    
    

with child as (
    select customer_id as from_field
    from "ecommerce_dw"."gold"."fct_orders"
    where customer_id is not null
),

parent as (
    select customer_id as to_field
    from "ecommerce_dw"."gold"."dim_customers"
)

select
    from_field

from child
left join parent
    on child.from_field = parent.to_field

where parent.to_field is null



  
  
      
    ) dbt_internal_test
[0m00:09:01.635301 [debug] [Thread-1 (]: Using postgres connection "test.ecommerce_lakehouse.unique_dim_customers_customer_id.15c9f1e2fd"
[0m00:09:01.635301 [debug] [Thread-3 (]: Writing runtime sql for node "test.ecommerce_lakehouse.unique_fct_orders_order_id.523ddb6ce5"
[0m00:09:01.635301 [debug] [Thread-2 (]: Opening a new connection, currently in state closed
[0m00:09:01.635301 [debug] [Thread-4 (]: Using postgres connection "test.ecommerce_lakehouse.unique_dim_products_product_id.ef7b2a9985"
[0m00:09:01.635301 [debug] [Thread-1 (]: On test.ecommerce_lakehouse.unique_dim_customers_customer_id.15c9f1e2fd: /* {"app": "dbt", "dbt_version": "1.12.5", "profile_name": "ecommerce_dw_profile", "target_name": "dev", "node_id": "test.ecommerce_lakehouse.unique_dim_customers_customer_id.15c9f1e2fd"} */

    
    select
      count(*) as failures,
      count(*) != 0 as should_warn,
      count(*) != 0 as should_error
    from (
      
    
  
    
    

select
    customer_id as unique_field,
    count(*) as n_records

from "ecommerce_dw"."gold"."dim_customers"
where customer_id is not null
group by customer_id
having count(*) > 1



  
  
      
    ) dbt_internal_test
[0m00:09:01.635301 [debug] [Thread-3 (]: Using postgres connection "test.ecommerce_lakehouse.unique_fct_orders_order_id.523ddb6ce5"
[0m00:09:01.635301 [debug] [Thread-4 (]: On test.ecommerce_lakehouse.unique_dim_products_product_id.ef7b2a9985: /* {"app": "dbt", "dbt_version": "1.12.5", "profile_name": "ecommerce_dw_profile", "target_name": "dev", "node_id": "test.ecommerce_lakehouse.unique_dim_products_product_id.ef7b2a9985"} */

    
    select
      count(*) as failures,
      count(*) != 0 as should_warn,
      count(*) != 0 as should_error
    from (
      
    
  
    
    

select
    product_id as unique_field,
    count(*) as n_records

from "ecommerce_dw"."gold"."dim_products"
where product_id is not null
group by product_id
having count(*) > 1



  
  
      
    ) dbt_internal_test
[0m00:09:01.650981 [debug] [Thread-1 (]: Opening a new connection, currently in state closed
[0m00:09:01.650981 [debug] [Thread-3 (]: On test.ecommerce_lakehouse.unique_fct_orders_order_id.523ddb6ce5: /* {"app": "dbt", "dbt_version": "1.12.5", "profile_name": "ecommerce_dw_profile", "target_name": "dev", "node_id": "test.ecommerce_lakehouse.unique_fct_orders_order_id.523ddb6ce5"} */

    
    select
      count(*) as failures,
      count(*) != 0 as should_warn,
      count(*) != 0 as should_error
    from (
      
    
  
    
    

select
    order_id as unique_field,
    count(*) as n_records

from "ecommerce_dw"."gold"."fct_orders"
where order_id is not null
group by order_id
having count(*) > 1



  
  
      
    ) dbt_internal_test
[0m00:09:01.650981 [debug] [Thread-4 (]: Opening a new connection, currently in state closed
[0m00:09:01.650981 [debug] [Thread-3 (]: Opening a new connection, currently in state closed
[0m00:09:01.728368 [debug] [Thread-4 (]: SQL status: SELECT 1 in 0.074 seconds
[0m00:09:01.729382 [debug] [Thread-4 (]: On test.ecommerce_lakehouse.unique_dim_products_product_id.ef7b2a9985: ROLLBACK
[0m00:09:01.737127 [debug] [Thread-4 (]: On test.ecommerce_lakehouse.unique_dim_products_product_id.ef7b2a9985: Close
[0m00:09:01.737649 [info ] [Thread-4 (]: 7 of 8 PASS unique_dim_products_product_id ..................................... [[32mPASS[0m in 0.13s]
[0m00:09:01.743238 [debug] [Thread-4 (]: Finished running node test.ecommerce_lakehouse.unique_dim_products_product_id.ef7b2a9985
[0m00:09:01.750080 [debug] [Thread-2 (]: SQL status: SELECT 1 in 0.104 seconds
[0m00:09:01.752115 [debug] [Thread-2 (]: On test.ecommerce_lakehouse.relationships_fct_orders_customer_id__customer_id__ref_dim_customers_.d5636051d4: ROLLBACK
[0m00:09:01.754134 [debug] [Thread-2 (]: On test.ecommerce_lakehouse.relationships_fct_orders_customer_id__customer_id__ref_dim_customers_.d5636051d4: Close
[0m00:09:01.757678 [info ] [Thread-2 (]: 5 of 8 PASS relationships_fct_orders_customer_id__customer_id__ref_dim_customers_  [[32mPASS[0m in 0.22s]
[0m00:09:01.759722 [debug] [Thread-2 (]: Finished running node test.ecommerce_lakehouse.relationships_fct_orders_customer_id__customer_id__ref_dim_customers_.d5636051d4
[0m00:09:01.840127 [debug] [Thread-1 (]: SQL status: SELECT 1 in 0.191 seconds
[0m00:09:01.843910 [debug] [Thread-1 (]: On test.ecommerce_lakehouse.unique_dim_customers_customer_id.15c9f1e2fd: ROLLBACK
[0m00:09:01.843910 [debug] [Thread-1 (]: On test.ecommerce_lakehouse.unique_dim_customers_customer_id.15c9f1e2fd: Close
[0m00:09:01.843910 [info ] [Thread-1 (]: 6 of 8 PASS unique_dim_customers_customer_id ................................... [[32mPASS[0m in 0.30s]
[0m00:09:01.853819 [debug] [Thread-1 (]: Finished running node test.ecommerce_lakehouse.unique_dim_customers_customer_id.15c9f1e2fd
[0m00:09:01.856129 [debug] [Thread-3 (]: SQL status: SELECT 1 in 0.204 seconds
[0m00:09:01.856129 [debug] [Thread-3 (]: On test.ecommerce_lakehouse.unique_fct_orders_order_id.523ddb6ce5: ROLLBACK
[0m00:09:01.856129 [debug] [Thread-3 (]: On test.ecommerce_lakehouse.unique_fct_orders_order_id.523ddb6ce5: Close
[0m00:09:01.856129 [info ] [Thread-3 (]: 8 of 8 PASS unique_fct_orders_order_id ......................................... [[32mPASS[0m in 0.25s]
[0m00:09:01.856129 [debug] [Thread-3 (]: Finished running node test.ecommerce_lakehouse.unique_fct_orders_order_id.523ddb6ce5
[0m00:09:01.872783 [debug] [MainThread]: On master: COMMIT
[0m00:09:01.872783 [debug] [MainThread]: Using postgres connection "master"
[0m00:09:01.872783 [debug] [MainThread]: On master: COMMIT
[0m00:09:01.872783 [debug] [MainThread]: Opening a new connection, currently in state closed
[0m00:09:01.887522 [debug] [MainThread]: SQL status: COMMIT in 0.024 seconds
[0m00:09:01.887522 [debug] [MainThread]: On master: Close
[0m00:09:01.903448 [debug] [MainThread]: Connection 'master' was properly closed.
[0m00:09:01.903448 [debug] [MainThread]: Connection 'list_ecommerce_dw_gold' was properly closed.
[0m00:09:01.905469 [debug] [MainThread]: Connection 'test.ecommerce_lakehouse.unique_dim_customers_customer_id.15c9f1e2fd' was properly closed.
[0m00:09:01.905469 [debug] [MainThread]: Connection 'test.ecommerce_lakehouse.relationships_fct_orders_customer_id__customer_id__ref_dim_customers_.d5636051d4' was properly closed.
[0m00:09:01.908789 [debug] [MainThread]: Connection 'test.ecommerce_lakehouse.unique_fct_orders_order_id.523ddb6ce5' was properly closed.
[0m00:09:01.908789 [debug] [MainThread]: Connection 'test.ecommerce_lakehouse.unique_dim_products_product_id.ef7b2a9985' was properly closed.
[0m00:09:01.910800 [info ] [MainThread]: 
[0m00:09:01.910800 [info ] [MainThread]: Finished running 8 data tests in 0 hours 0 minutes and 0.77 seconds (0.77s).
[0m00:09:01.910800 [debug] [MainThread]: Command end result
[0m00:09:02.000047 [debug] [MainThread]: Wrote artifact WritableManifest to C:\Users\AH Info\Desktop\PROJECT_BI\modern-lakehouse-ecommerce\dbt_project\target\manifest.json
[0m00:09:02.008077 [debug] [MainThread]: Wrote artifact SemanticManifest to C:\Users\AH Info\Desktop\PROJECT_BI\modern-lakehouse-ecommerce\dbt_project\target\semantic_manifest.json
[0m00:09:02.013839 [debug] [MainThread]: Wrote artifact OsiDocument to C:\Users\AH Info\Desktop\PROJECT_BI\modern-lakehouse-ecommerce\dbt_project\target\osi_document.json
[0m00:09:02.029634 [debug] [MainThread]: Wrote artifact RunExecutionResult to C:\Users\AH Info\Desktop\PROJECT_BI\modern-lakehouse-ecommerce\dbt_project\target\run_results.json
[0m00:09:02.029634 [info ] [MainThread]: 
[0m00:09:02.029634 [info ] [MainThread]: [32mCompleted successfully[0m
[0m00:09:02.029634 [info ] [MainThread]: 
[0m00:09:02.029634 [info ] [MainThread]: Done. PASS=8 WARN=0 ERROR=0 SKIP=0 NO-OP=0 REUSED=0 TOTAL=8
[0m00:09:02.029634 [debug] [MainThread]: Command `dbt test` succeeded at 00:09:02.029634 after 2.39 seconds
[0m00:09:02.029634 [debug] [MainThread]: Sending event: {'category': 'dbt', 'action': 'invocation', 'label': 'end', 'context': [<snowplow_tracker.self_describing_json.SelfDescribingJson object at 0x000001B10D9F4B10>, <snowplow_tracker.self_describing_json.SelfDescribingJson object at 0x000001B10DA07A50>, <snowplow_tracker.self_describing_json.SelfDescribingJson object at 0x000001B10DA07910>]}
[0m00:09:02.029634 [debug] [MainThread]: Flushing usage events
[0m00:09:02.621386 [debug] [MainThread]: An error was encountered while trying to flush usage events
